<?xml version="1.0" encoding="ISO-8859-1"?>
<network>
 <networkStructure>
  <links><link id="L1"><source>N3</source><target>N4</target></link><link id="L2"><source>N3</source><target>N11</target></link><link id="L3"><source>N3</source><target>N13</target></link><link id="L4"><source>N3</source><target>N17</target></link><link id="L5"><source>N3</source><target>N25</target></link><link id="L7"><source>N25</source><target>N8</target></link><link id="L8"><source>N25</source><target>N10</target></link><link id="L9"><source>N25</source><target>N11</target></link><link id="L10"><source>N25</source><target>N12</target></link><link id="L11"><source>N25</source><target>N13</target></link><link id="L12"><source>N25</source><target>N17</target></link><link id="L13"><source>N25</source><target>N30</target></link><link id="L14"><source>N30</source><target>N10</target></link><link id="L15"><source>N30</source><target>N12</target></link><link id="L16"><source>N30</source><target>N16</target></link><link id="L17"><source>N30</source><target>N21</target></link><link id="L19"><source>N21</source><target>N7</target></link><link id="L21"><source>N7</source><target>N15</target></link><link id="L23"><source>N7</source><target>N23</target></link><link id="L24"><source>N23</source><target>N6</target></link><link id="L26"><source>N23</source><target>N15</target></link><link id="L27"><source>N23</source><target>N20</target></link><link id="L28"><source>N20</source><target>N5</target></link><link id="L29"><source>N20</source><target>N6</target></link><link id="L30"><source>N20</source><target>N15</target></link><link id="L32"><source>N20</source><target>N27</target></link><link id="L33"><source>N20</source><target>N29</target></link><link id="L34"><source>N29</source><target>N5</target></link><link id="L35"><source>N29</source><target>N6</target></link><link id="L37"><source>N29</source><target>N27</target></link><link id="L38"><source>N27</source><target>N5</target></link><link id="L39"><source>N27</source><target>N6</target></link><link id="L42"><source>N6</source><target>N5</target></link><link id="L43"><source>N6</source><target>N9</target></link><link id="L44"><source>N6</source><target>N15</target></link><link id="L58"><source>N16</source><target>N10</target></link><link id="L60"><source>N10</source><target>N4</target></link><link id="L61"><source>N10</source><target>N13</target></link><link id="L66"><source>N13</source><target>N4</target></link><link id="L68"><source>N13</source><target>N14</target></link><link id="L69"><source>N13</source><target>N17</target></link><link id="L71"><source>N13</source><target>N28</target></link><link id="L72"><source>N28</source><target>N4</target></link><link id="L74"><source>N28</source><target>N14</target></link><link id="L75"><source>N28</source><target>N17</target></link><link id="L77"><source>N17</source><target>N4</target></link><link id="L84"><source>N4</source><target>N14</target></link><link id="L89"><source>N14</source><target>N26</target></link><link id="L92"><source>N26</source><target>N18</target></link><link id="L94"><source>N12</source><target>N8</target></link><link id="L95"><source>N12</source><target>N11</target></link><link id="L99"><source>N11</source><target>N8</target></link></links>
 </networkStructure></network>