<?xml version="1.0" encoding="ISO-8859-1"?>
<network>
 <networkStructure>
  <links><link id="L1"><source>N1</source><target>N16</target></link><link id="L2"><source>N1</source><target>N42</target></link><link id="L3"><source>N1</source><target>N64</target></link><link id="L4"><source>N1</source><target>N110</target></link><link id="L5"><source>N1</source><target>N118</target></link><link id="L7"><source>N118</source><target>N14</target></link><link id="L8"><source>N118</source><target>N27</target></link><link id="L9"><source>N118</source><target>N39</target></link><link id="L10"><source>N118</source><target>N42</target></link><link id="L11"><source>N118</source><target>N79</target></link><link id="L12"><source>N79</source><target>N14</target></link><link id="L13"><source>N79</source><target>N25</target></link><link id="L14"><source>N79</source><target>N27</target></link><link id="L15"><source>N79</source><target>N39</target></link><link id="L17"><source>N39</source><target>N14</target></link><link id="L21"><source>N14</source><target>N47</target></link><link id="L25"><source>N47</source><target>N34</target></link><link id="L26"><source>N47</source><target>N122</target></link><link id="L27"><source>N122</source><target>N34</target></link><link id="L29"><source>N122</source><target>N49</target></link><link id="L30"><source>N122</source><target>N114</target></link><link id="L31"><source>N114</source><target>N8</target></link><link id="L32"><source>N114</source><target>N37</target></link><link id="L33"><source>N114</source><target>N81</target></link><link id="L34"><source>N114</source><target>N84</target></link><link id="L36"><source>N84</source><target>N8</target></link><link id="L37"><source>N84</source><target>N57</target></link><link id="L38"><source>N84</source><target>N90</target></link><link id="L40"><source>N84</source><target>N123</target></link><link id="L41"><source>N84</source><target>N130</target></link><link id="L42"><source>N130</source><target>N8</target></link><link id="L43"><source>N130</source><target>N57</target></link><link id="L45"><source>N130</source><target>N90</target></link><link id="L46"><source>N130</source><target>N123</target></link><link id="L47"><source>N123</source><target>N8</target></link><link id="L48"><source>N123</source><target>N65</target></link><link id="L50"><source>N123</source><target>N90</target></link><link id="L52"><source>N90</source><target>N8</target></link><link id="L53"><source>N90</source><target>N57</target></link><link id="L57"><source>N57</source><target>N8</target></link><link id="L58"><source>N57</source><target>N13</target></link><link id="L59"><source>N57</source><target>N67</target></link><link id="L63"><source>N67</source><target>N13</target></link><link id="L73"><source>N65</source><target>N55</target></link><link id="L76"><source>N81</source><target>N37</target></link><link id="L77"><source>N81</source><target>N94</target></link><link id="L79"><source>N94</source><target>N17</target></link><link id="L80"><source>N94</source><target>N37</target></link><link id="L82"><source>N94</source><target>N82</target></link><link id="L83"><source>N94</source><target>N108</target></link><link id="L84"><source>N94</source><target>N113</target></link><link id="L85"><source>N113</source><target>N7</target></link><link id="L86"><source>N113</source><target>N17</target></link><link id="L87"><source>N113</source><target>N82</target></link><link id="L89"><source>N113</source><target>N104</target></link><link id="L90"><source>N113</source><target>N108</target></link><link id="L91"><source>N108</source><target>N7</target></link><link id="L92"><source>N108</source><target>N17</target></link><link id="L93"><source>N108</source><target>N82</target></link><link id="L95"><source>N108</source><target>N95</target></link><link id="L97"><source>N108</source><target>N124</target></link><link id="L98"><source>N124</source><target>N7</target></link><link id="L99"><source>N124</source><target>N82</target></link><link id="L100"><source>N124</source><target>N87</target></link><link id="L101"><source>N124</source><target>N92</target></link><link id="L103"><source>N124</source><target>N109</target></link><link id="L104"><source>N109</source><target>N48</target></link><link id="L105"><source>N109</source><target>N87</target></link><link id="L106"><source>N109</source><target>N92</target></link><link id="L107"><source>N109</source><target>N104</target></link><link id="L109"><source>N104</source><target>N3</target></link><link id="L110"><source>N104</source><target>N46</target></link><link id="L111"><source>N104</source><target>N48</target></link><link id="L112"><source>N104</source><target>N82</target></link><link id="L115"><source>N82</source><target>N7</target></link><link id="L116"><source>N82</source><target>N17</target></link><link id="L127"><source>N7</source><target>N87</target></link><link id="L132"><source>N87</source><target>N92</target></link><link id="L136"><source>N92</source><target>N99</target></link><link id="L139"><source>N99</source><target>N36</target></link><link id="L140"><source>N99</source><target>N68</target></link><link id="L142"><source>N99</source><target>N111</target></link><link id="L143"><source>N111</source><target>N36</target></link><link id="L144"><source>N111</source><target>N68</target></link><link id="L146"><source>N68</source><target>N36</target></link><link id="L147"><source>N68</source><target>N52</target></link><link id="L148"><source>N68</source><target>N70</target></link><link id="L151"><source>N68</source><target>N125</target></link><link id="L152"><source>N125</source><target>N36</target></link><link id="L153"><source>N125</source><target>N52</target></link><link id="L155"><source>N125</source><target>N70</target></link><link id="L157"><source>N70</source><target>N71</target></link><link id="L158"><source>N70</source><target>N115</target></link><link id="L160"><source>N70</source><target>N126</target></link><link id="L162"><source>N126</source><target>N71</target></link><link id="L163"><source>N126</source><target>N115</target></link><link id="L165"><source>N115</source><target>N71</target></link><link id="L176"><source>N48</source><target>N3</target></link><link id="L177"><source>N48</source><target>N46</target></link><link id="L178"><source>N48</source><target>N56</target></link><link id="L179"><source>N48</source><target>N63</target></link><link id="L182"><source>N63</source><target>N46</target></link><link id="L184"><source>N63</source><target>N102</target></link><link id="L186"><source>N102</source><target>N89</target></link><link id="L187"><source>N89</source><target>N43</target></link><link id="L188"><source>N89</source><target>N58</target></link><link id="L189"><source>N89</source><target>N98</target></link><link id="L191"><source>N98</source><target>N43</target></link><link id="L192"><source>N98</source><target>N58</target></link><link id="L194"><source>N98</source><target>N105</target></link><link id="L195"><source>N105</source><target>N2</target></link><link id="L196"><source>N105</source><target>N31</target></link><link id="L197"><source>N105</source><target>N41</target></link><link id="L198"><source>N105</source><target>N43</target></link><link id="L199"><source>N105</source><target>N74</target></link><link id="L200"><source>N105</source><target>N80</target></link><link id="L202"><source>N80</source><target>N2</target></link><link id="L203"><source>N80</source><target>N31</target></link><link id="L204"><source>N80</source><target>N41</target></link><link id="L205"><source>N80</source><target>N74</target></link><link id="L207"><source>N80</source><target>N107</target></link><link id="L208"><source>N107</source><target>N31</target></link><link id="L209"><source>N107</source><target>N41</target></link><link id="L210"><source>N107</source><target>N74</target></link><link id="L211"><source>N107</source><target>N77</target></link><link id="L213"><source>N107</source><target>N128</target></link><link id="L214"><source>N128</source><target>N75</target></link><link id="L216"><source>N75</source><target>N29</target></link><link id="L217"><source>N75</source><target>N62</target></link><link id="L219"><source>N62</source><target>N21</target></link><link id="L221"><source>N21</source><target>N4</target></link><link id="L222"><source>N21</source><target>N53</target></link><link id="L224"><source>N53</source><target>N4</target></link><link id="L226"><source>N53</source><target>N26</target></link><link id="L227"><source>N53</source><target>N56</target></link><link id="L228"><source>N53</source><target>N59</target></link><link id="L229"><source>N59</source><target>N26</target></link><link id="L231"><source>N59</source><target>N66</target></link><link id="L232"><source>N59</source><target>N88</target></link><link id="L233"><source>N59</source><target>N100</target></link><link id="L234"><source>N100</source><target>N12</target></link><link id="L236"><source>N100</source><target>N66</target></link><link id="L237"><source>N100</source><target>N69</target></link><link id="L238"><source>N100</source><target>N88</target></link><link id="L239"><source>N88</source><target>N12</target></link><link id="L240"><source>N88</source><target>N38</target></link><link id="L242"><source>N88</source><target>N66</target></link><link id="L243"><source>N88</source><target>N78</target></link><link id="L245"><source>N78</source><target>N5</target></link><link id="L246"><source>N78</source><target>N9</target></link><link id="L247"><source>N78</source><target>N10</target></link><link id="L248"><source>N78</source><target>N38</target></link><link id="L249"><source>N78</source><target>N66</target></link><link id="L255"><source>N38</source><target>N10</target></link><link id="L258"><source>N10</source><target>N9</target></link><link id="L261"><source>N9</source><target>N5</target></link><link id="L265"><source>N5</source><target>N29</target></link><link id="L266"><source>N5</source><target>N60</target></link><link id="L269"><source>N60</source><target>N29</target></link><link id="L272"><source>N29</source><target>N73</target></link><link id="L275"><source>N73</source><target>N112</target></link><link id="L277"><source>N12</source><target>N69</target></link><link id="L281"><source>N69</source><target>N96</target></link><link id="L284"><source>N26</source><target>N4</target></link><link id="L286"><source>N26</source><target>N56</target></link><link id="L288"><source>N56</source><target>N3</target></link><link id="L290"><source>N56</source><target>N46</target></link><link id="L293"><source>N46</source><target>N3</target></link><link id="L302"><source>N4</source><target>N2</target></link><link id="L305"><source>N4</source><target>N43</target></link><link id="L307"><source>N43</source><target>N2</target></link><link id="L313"><source>N2</source><target>N31</target></link><link id="L314"><source>N2</source><target>N41</target></link><link id="L316"><source>N2</source><target>N74</target></link><link id="L320"><source>N74</source><target>N31</target></link><link id="L321"><source>N74</source><target>N41</target></link><link id="L326"><source>N41</source><target>N31</target></link><link id="L338"><source>N77</source><target>N129</target></link><link id="L340"><source>N129</source><target>N91</target></link><link id="L341"><source>N91</source><target>N44</target></link><link id="L344"><source>N58</source><target>N25</target></link><link id="L345"><source>N58</source><target>N50</target></link><link id="L348"><source>N50</source><target>N6</target></link><link id="L349"><source>N50</source><target>N25</target></link><link id="L351"><source>N50</source><target>N103</target></link><link id="L352"><source>N50</source><target>N117</target></link><link id="L354"><source>N117</source><target>N103</target></link><link id="L356"><source>N103</source><target>N85</target></link><link id="L358"><source>N103</source><target>N127</target></link><link id="L359"><source>N127</source><target>N28</target></link><link id="L360"><source>N127</source><target>N85</target></link><link id="L361"><source>N127</source><target>N86</target></link><link id="L363"><source>N86</source><target>N28</target></link><link id="L364"><source>N86</source><target>N85</target></link><link id="L366"><source>N85</source><target>N24</target></link><link id="L367"><source>N85</source><target>N28</target></link><link id="L370"><source>N85</source><target>N106</target></link><link id="L372"><source>N106</source><target>N24</target></link><link id="L373"><source>N106</source><target>N83</target></link><link id="L375"><source>N83</source><target>N23</target></link><link id="L376"><source>N83</source><target>N24</target></link><link id="L377"><source>N83</source><target>N61</target></link><link id="L379"><source>N61</source><target>N23</target></link><link id="L386"><source>N28</source><target>N11</target></link><link id="L387"><source>N28</source><target>N33</target></link><link id="L391"><source>N33</source><target>N11</target></link><link id="L393"><source>N33</source><target>N30</target></link><link id="L394"><source>N33</source><target>N40</target></link><link id="L395"><source>N33</source><target>N54</target></link><link id="L396"><source>N54</source><target>N30</target></link><link id="L398"><source>N54</source><target>N45</target></link><link id="L399"><source>N54</source><target>N97</target></link><link id="L400"><source>N54</source><target>N101</target></link><link id="L401"><source>N54</source><target>N119</target></link><link id="L402"><source>N119</source><target>N20</target></link><link id="L404"><source>N119</source><target>N64</target></link><link id="L405"><source>N119</source><target>N97</target></link><link id="L406"><source>N119</source><target>N101</target></link><link id="L407"><source>N101</source><target>N22</target></link><link id="L409"><source>N101</source><target>N97</target></link><link id="L411"><source>N101</source><target>N121</target></link><link id="L412"><source>N121</source><target>N15</target></link><link id="L413"><source>N121</source><target>N22</target></link><link id="L414"><source>N121</source><target>N76</target></link><link id="L416"><source>N76</source><target>N15</target></link><link id="L417"><source>N76</source><target>N22</target></link><link id="L419"><source>N22</source><target>N15</target></link><link id="L423"><source>N15</source><target>N16</target></link><link id="L425"><source>N15</source><target>N35</target></link><link id="L427"><source>N15</source><target>N110</target></link><link id="L431"><source>N110</source><target>N16</target></link><link id="L432"><source>N110</source><target>N35</target></link><link id="L433"><source>N110</source><target>N64</target></link><link id="L435"><source>N64</source><target>N16</target></link><link id="L436"><source>N64</source><target>N42</target></link><link id="L437"><source>N64</source><target>N97</target></link><link id="L445"><source>N42</source><target>N16</target></link><link id="L450"><source>N16</source><target>N35</target></link><link id="L458"><source>N45</source><target>N30</target></link><link id="L460"><source>N45</source><target>N120</target></link><link id="L462"><source>N30</source><target>N11</target></link><link id="L464"><source>N30</source><target>N40</target></link><link id="L467"><source>N40</source><target>N11</target></link><link id="L474"><source>N25</source><target>N6</target></link><link id="L475"><source>N25</source><target>N27</target></link><link id="L479"><source>N27</source><target>N6</target></link><link id="L486"><source>N95</source><target>N19</target></link><link id="L487"><source>N95</source><target>N72</target></link><link id="L489"><source>N72</source><target>N19</target></link><link id="L496"><source>N49</source><target>N34</target></link></links>
 </networkStructure></network>