<?xml version="1.0" encoding="ISO-8859-1"?>
<network>
 <networkStructure>
  <links><link id="L1"><source>N1</source><target>N21</target></link><link id="L2"><source>N1</source><target>N145</target></link><link id="L4"><source>N145</source><target>N82</target></link><link id="L5"><source>N145</source><target>N114</target></link><link id="L6"><source>N114</source><target>N82</target></link><link id="L8"><source>N114</source><target>N177</target></link><link id="L9"><source>N177</source><target>N55</target></link><link id="L11"><source>N177</source><target>N137</target></link><link id="L12"><source>N177</source><target>N190</target></link><link id="L13"><source>N190</source><target>N55</target></link><link id="L14"><source>N190</source><target>N62</target></link><link id="L15"><source>N190</source><target>N137</target></link><link id="L16"><source>N190</source><target>N146</target></link><link id="L18"><source>N190</source><target>N194</target></link><link id="L19"><source>N190</source><target>N197</target></link><link id="L20"><source>N197</source><target>N62</target></link><link id="L21"><source>N197</source><target>N113</target></link><link id="L22"><source>N197</source><target>N137</target></link><link id="L23"><source>N197</source><target>N146</target></link><link id="L25"><source>N197</source><target>N194</target></link><link id="L26"><source>N194</source><target>N62</target></link><link id="L27"><source>N194</source><target>N83</target></link><link id="L28"><source>N194</source><target>N89</target></link><link id="L29"><source>N194</source><target>N102</target></link><link id="L30"><source>N194</source><target>N137</target></link><link id="L31"><source>N194</source><target>N146</target></link><link id="L34"><source>N146</source><target>N62</target></link><link id="L35"><source>N146</source><target>N102</target></link><link id="L36"><source>N146</source><target>N113</target></link><link id="L37"><source>N146</source><target>N137</target></link><link id="L41"><source>N137</source><target>N55</target></link><link id="L42"><source>N137</source><target>N62</target></link><link id="L48"><source>N62</source><target>N83</target></link><link id="L49"><source>N62</source><target>N89</target></link><link id="L50"><source>N62</source><target>N102</target></link><link id="L57"><source>N102</source><target>N83</target></link><link id="L58"><source>N102</source><target>N89</target></link><link id="L62"><source>N89</source><target>N83</target></link><link id="L64"><source>N89</source><target>N162</target></link><link id="L66"><source>N162</source><target>N16</target></link><link id="L67"><source>N162</source><target>N44</target></link><link id="L68"><source>N162</source><target>N68</target></link><link id="L70"><source>N162</source><target>N91</target></link><link id="L71"><source>N91</source><target>N16</target></link><link id="L72"><source>N91</source><target>N44</target></link><link id="L73"><source>N91</source><target>N68</target></link><link id="L75"><source>N68</source><target>N16</target></link><link id="L76"><source>N68</source><target>N44</target></link><link id="L79"><source>N44</source><target>N16</target></link><link id="L80"><source>N44</source><target>N25</target></link><link id="L82"><source>N44</source><target>N87</target></link><link id="L85"><source>N87</source><target>N25</target></link><link id="L86"><source>N87</source><target>N26</target></link><link id="L88"><source>N87</source><target>N78</target></link><link id="L89"><source>N87</source><target>N96</target></link><link id="L90"><source>N96</source><target>N27</target></link><link id="L91"><source>N96</source><target>N78</target></link><link id="L93"><source>N78</source><target>N27</target></link><link id="L96"><source>N27</source><target>N48</target></link><link id="L98"><source>N27</source><target>N86</target></link><link id="L101"><source>N86</source><target>N48</target></link><link id="L104"><source>N26</source><target>N25</target></link><link id="L105"><source>N26</source><target>N47</target></link><link id="L107"><source>N47</source><target>N25</target></link><link id="L117"><source>N83</source><target>N36</target></link><link id="L126"><source>N113</source><target>N6</target></link><link id="L127"><source>N113</source><target>N69</target></link><link id="L130"><source>N69</source><target>N5</target></link><link id="L131"><source>N69</source><target>N6</target></link><link id="L132"><source>N69</source><target>N104</target></link><link id="L134"><source>N104</source><target>N5</target></link><link id="L135"><source>N104</source><target>N20</target></link><link id="L136"><source>N104</source><target>N46</target></link><link id="L138"><source>N104</source><target>N176</target></link><link id="L139"><source>N176</source><target>N5</target></link><link id="L140"><source>N176</source><target>N20</target></link><link id="L144"><source>N5</source><target>N6</target></link><link id="L152"><source>N46</source><target>N166</target></link><link id="L153"><source>N46</source><target>N169</target></link><link id="L155"><source>N169</source><target>N144</target></link><link id="L156"><source>N169</source><target>N149</target></link><link id="L157"><source>N149</source><target>N41</target></link><link id="L158"><source>N149</source><target>N166</target></link><link id="L160"><source>N166</source><target>N38</target></link><link id="L163"><source>N38</source><target>N84</target></link><link id="L164"><source>N38</source><target>N140</target></link><link id="L166"><source>N38</source><target>N195</target></link><link id="L167"><source>N195</source><target>N31</target></link><link id="L169"><source>N195</source><target>N140</target></link><link id="L170"><source>N195</source><target>N171</target></link><link id="L171"><source>N171</source><target>N10</target></link><link id="L172"><source>N171</source><target>N13</target></link><link id="L173"><source>N171</source><target>N28</target></link><link id="L174"><source>N171</source><target>N31</target></link><link id="L175"><source>N171</source><target>N174</target></link><link id="L176"><source>N171</source><target>N185</target></link><link id="L178"><source>N185</source><target>N31</target></link><link id="L179"><source>N185</source><target>N65</target></link><link id="L181"><source>N185</source><target>N174</target></link><link id="L182"><source>N174</source><target>N31</target></link><link id="L183"><source>N174</source><target>N65</target></link><link id="L186"><source>N65</source><target>N90</target></link><link id="L189"><source>N90</source><target>N34</target></link><link id="L196"><source>N28</source><target>N10</target></link><link id="L197"><source>N28</source><target>N13</target></link><link id="L199"><source>N28</source><target>N184</target></link><link id="L200"><source>N184</source><target>N10</target></link><link id="L201"><source>N184</source><target>N13</target></link><link id="L203"><source>N13</source><target>N10</target></link><link id="L205"><source>N13</source><target>N109</target></link><link id="L208"><source>N109</source><target>N10</target></link><link id="L216"><source>N140</source><target>N75</target></link><link id="L217"><source>N140</source><target>N84</target></link><link id="L220"><source>N84</source><target>N75</target></link><link id="L224"><source>N41</source><target>N12</target></link><link id="L225"><source>N41</source><target>N58</target></link><link id="L227"><source>N58</source><target>N12</target></link><link id="L228"><source>N58</source><target>N22</target></link><link id="L230"><source>N58</source><target>N49</target></link><link id="L231"><source>N58</source><target>N79</target></link><link id="L232"><source>N58</source><target>N170</target></link><link id="L233"><source>N58</source><target>N198</target></link><link id="L234"><source>N198</source><target>N22</target></link><link id="L235"><source>N198</source><target>N39</target></link><link id="L236"><source>N198</source><target>N49</target></link><link id="L238"><source>N198</source><target>N79</target></link><link id="L239"><source>N198</source><target>N106</target></link><link id="L240"><source>N198</source><target>N158</target></link><link id="L241"><source>N198</source><target>N170</target></link><link id="L242"><source>N170</source><target>N12</target></link><link id="L243"><source>N170</source><target>N22</target></link><link id="L244"><source>N170</source><target>N49</target></link><link id="L246"><source>N170</source><target>N79</target></link><link id="L247"><source>N170</source><target>N106</target></link><link id="L248"><source>N170</source><target>N148</target></link><link id="L250"><source>N148</source><target>N22</target></link><link id="L251"><source>N148</source><target>N103</target></link><link id="L252"><source>N148</source><target>N151</target></link><link id="L253"><source>N148</source><target>N155</target></link><link id="L255"><source>N155</source><target>N103</target></link><link id="L257"><source>N155</source><target>N151</target></link><link id="L258"><source>N151</source><target>N103</target></link><link id="L265"><source>N22</source><target>N79</target></link><link id="L266"><source>N22</source><target>N101</target></link><link id="L267"><source>N22</source><target>N106</target></link><link id="L272"><source>N106</source><target>N79</target></link><link id="L273"><source>N106</source><target>N101</target></link><link id="L279"><source>N79</source><target>N39</target></link><link id="L280"><source>N79</source><target>N49</target></link><link id="L285"><source>N49</source><target>N12</target></link><link id="L286"><source>N49</source><target>N39</target></link><link id="L289"><source>N49</source><target>N158</target></link><link id="L292"><source>N158</source><target>N39</target></link><link id="L294"><source>N158</source><target>N51</target></link><link id="L296"><source>N51</source><target>N17</target></link><link id="L297"><source>N51</source><target>N39</target></link><link id="L298"><source>N51</source><target>N66</target></link><link id="L300"><source>N66</source><target>N4</target></link><link id="L301"><source>N66</source><target>N43</target></link><link id="L303"><source>N66</source><target>N134</target></link><link id="L304"><source>N66</source><target>N147</target></link><link id="L305"><source>N147</source><target>N4</target></link><link id="L306"><source>N147</source><target>N43</target></link><link id="L308"><source>N147</source><target>N134</target></link><link id="L309"><source>N147</source><target>N165</target></link><link id="L310"><source>N165</source><target>N43</target></link><link id="L311"><source>N165</source><target>N97</target></link><link id="L312"><source>N165</source><target>N134</target></link><link id="L313"><source>N165</source><target>N135</target></link><link id="L315"><source>N135</source><target>N60</target></link><link id="L316"><source>N135</source><target>N67</target></link><link id="L317"><source>N135</source><target>N97</target></link><link id="L318"><source>N135</source><target>N136</target></link><link id="L320"><source>N136</source><target>N60</target></link><link id="L321"><source>N136</source><target>N97</target></link><link id="L323"><source>N136</source><target>N152</target></link><link id="L324"><source>N152</source><target>N15</target></link><link id="L325"><source>N152</source><target>N131</target></link><link id="L327"><source>N131</source><target>N74</target></link><link id="L329"><source>N131</source><target>N191</target></link><link id="L330"><source>N191</source><target>N60</target></link><link id="L332"><source>N191</source><target>N167</target></link><link id="L333"><source>N167</source><target>N60</target></link><link id="L334"><source>N167</source><target>N182</target></link><link id="L336"><source>N182</source><target>N52</target></link><link id="L337"><source>N182</source><target>N118</target></link><link id="L338"><source>N182</source><target>N139</target></link><link id="L340"><source>N139</source><target>N52</target></link><link id="L341"><source>N139</source><target>N118</target></link><link id="L343"><source>N118</source><target>N52</target></link><link id="L348"><source>N52</source><target>N161</target></link><link id="L351"><source>N161</source><target>N92</target></link><link id="L352"><source>N92</source><target>N107</target></link><link id="L354"><source>N107</source><target>N2</target></link><link id="L356"><source>N2</source><target>N98</target></link><link id="L358"><source>N2</source><target>N163</target></link><link id="L360"><source>N163</source><target>N98</target></link><link id="L363"><source>N60</source><target>N97</target></link><link id="L369"><source>N97</source><target>N67</target></link><link id="L370"><source>N97</source><target>N112</target></link><link id="L374"><source>N112</source><target>N33</target></link><link id="L375"><source>N112</source><target>N67</target></link><link id="L380"><source>N33</source><target>N43</target></link><link id="L382"><source>N33</source><target>N134</target></link><link id="L383"><source>N33</source><target>N141</target></link><link id="L385"><source>N141</source><target>N64</target></link><link id="L386"><source>N64</source><target>N72</target></link><link id="L387"><source>N64</source><target>N110</target></link><link id="L389"><source>N64</source><target>N164</target></link><link id="L390"><source>N64</source><target>N199</target></link><link id="L392"><source>N199</source><target>N72</target></link><link id="L393"><source>N199</source><target>N110</target></link><link id="L394"><source>N199</source><target>N164</target></link><link id="L395"><source>N199</source><target>N179</target></link><link id="L398"><source>N164</source><target>N72</target></link><link id="L399"><source>N164</source><target>N110</target></link><link id="L402"><source>N110</source><target>N72</target></link><link id="L405"><source>N72</source><target>N4</target></link><link id="L406"><source>N72</source><target>N43</target></link><link id="L409"><source>N72</source><target>N134</target></link><link id="L412"><source>N134</source><target>N4</target></link><link id="L414"><source>N134</source><target>N43</target></link><link id="L419"><source>N43</source><target>N4</target></link><link id="L432"><source>N74</source><target>N196</target></link><link id="L433"><source>N196</source><target>N54</target></link><link id="L435"><source>N54</source><target>N7</target></link><link id="L436"><source>N54</source><target>N50</target></link><link id="L438"><source>N50</source><target>N7</target></link><link id="L440"><source>N50</source><target>N116</target></link><link id="L441"><source>N50</source><target>N181</target></link><link id="L442"><source>N181</source><target>N7</target></link><link id="L444"><source>N181</source><target>N116</target></link><link id="L445"><source>N181</source><target>N126</target></link><link id="L446"><source>N181</source><target>N168</target></link><link id="L447"><source>N168</source><target>N115</target></link><link id="L449"><source>N115</source><target>N53</target></link><link id="L452"><source>N126</source><target>N19</target></link><link id="L454"><source>N19</source><target>N93</target></link><link id="L457"><source>N93</source><target>N57</target></link><link id="L458"><source>N93</source><target>N70</target></link><link id="L459"><source>N70</source><target>N57</target></link><link id="L461"><source>N70</source><target>N122</target></link><link id="L462"><source>N70</source><target>N123</target></link><link id="L464"><source>N123</source><target>N122</target></link><link id="L465"><source>N123</source><target>N154</target></link><link id="L466"><source>N123</source><target>N180</target></link><link id="L467"><source>N180</source><target>N21</target></link><link id="L468"><source>N180</source><target>N32</target></link><link id="L469"><source>N180</source><target>N108</target></link><link id="L470"><source>N180</source><target>N122</target></link><link id="L472"><source>N180</source><target>N129</target></link><link id="L473"><source>N129</source><target>N14</target></link><link id="L474"><source>N129</source><target>N21</target></link><link id="L475"><source>N129</source><target>N24</target></link><link id="L476"><source>N129</source><target>N32</target></link><link id="L477"><source>N129</source><target>N108</target></link><link id="L478"><source>N129</source><target>N120</target></link><link id="L479"><source>N129</source><target>N154</target></link><link id="L481"><source>N154</source><target>N24</target></link><link id="L484"><source>N24</source><target>N108</target></link><link id="L487"><source>N108</source><target>N14</target></link><link id="L488"><source>N108</source><target>N21</target></link><link id="L490"><source>N108</source><target>N32</target></link><link id="L491"><source>N108</source><target>N42</target></link><link id="L492"><source>N108</source><target>N71</target></link><link id="L493"><source>N108</source><target>N77</target></link><link id="L494"><source>N108</source><target>N120</target></link><link id="L497"><source>N120</source><target>N71</target></link><link id="L498"><source>N120</source><target>N77</target></link><link id="L501"><source>N77</source><target>N14</target></link><link id="L502"><source>N77</source><target>N42</target></link><link id="L503"><source>N77</source><target>N71</target></link><link id="L506"><source>N71</source><target>N14</target></link><link id="L507"><source>N71</source><target>N42</target></link><link id="L511"><source>N42</source><target>N14</target></link><link id="L515"><source>N42</source><target>N183</target></link><link id="L517"><source>N183</source><target>N73</target></link><link id="L519"><source>N14</source><target>N32</target></link><link id="L523"><source>N14</source><target>N82</target></link><link id="L527"><source>N82</source><target>N21</target></link><link id="L528"><source>N82</source><target>N32</target></link><link id="L532"><source>N32</source><target>N21</target></link><link id="L541"><source>N21</source><target>N122</target></link><link id="L545"><source>N122</source><target>N57</target></link><link id="L552"><source>N116</source><target>N7</target></link><link id="L565"><source>N17</source><target>N9</target></link><link id="L566"><source>N17</source><target>N45</target></link><link id="L568"><source>N17</source><target>N133</target></link><link id="L569"><source>N133</source><target>N9</target></link><link id="L571"><source>N133</source><target>N45</target></link><link id="L572"><source>N45</source><target>N9</target></link><link id="L582"><source>N144</source><target>N81</target></link><link id="L584"><source>N144</source><target>N173</target></link><link id="L585"><source>N173</source><target>N81</target></link><link id="L586"><source>N173</source><target>N143</target></link><link id="L588"><source>N143</source><target>N81</target></link><link id="L589"><source>N143</source><target>N159</target></link><link id="L591"><source>N143</source><target>N175</target></link><link id="L592"><source>N143</source><target>N178</target></link><link id="L593"><source>N178</source><target>N81</target></link><link id="L595"><source>N178</source><target>N175</target></link><link id="L596"><source>N175</source><target>N85</target></link><link id="L597"><source>N175</source><target>N94</target></link><link id="L598"><source>N175</source><target>N125</target></link><link id="L600"><source>N175</source><target>N159</target></link><link id="L602"><source>N159</source><target>N85</target></link><link id="L603"><source>N159</source><target>N94</target></link><link id="L604"><source>N159</source><target>N125</target></link><link id="L607"><source>N125</source><target>N85</target></link><link id="L608"><source>N125</source><target>N94</target></link><link id="L611"><source>N94</source><target>N85</target></link></links>
 </networkStructure></network>