<?xml version="1.0" encoding="ISO-8859-1"?>
<network>
    <networkStructure>
        <links>
            <link id="L1">
                <source>N1</source>
                <target>N25</target>
            </link>
            <link id="L2">
                <source>N1</source>
                <target>N26</target>
            </link>
            <link id="L3">
                <source>N1</source>
                <target>N42</target>
            </link>
            <link id="L4">
                <source>N1</source>
                <target>N45</target>
            </link>
            <link id="L5">
                <source>N1</source>
                <target>N50</target>
            </link>
            <link id="L6">
                <source>N1</source>
                <target>N51</target>
            </link>
            <link id="L7">
                <source>N1</source>
                <target>N66</target>
            </link>
            <link id="L8">
                <source>N1</source>
                <target>N72</target>
            </link>
            <link id="L10">
                <source>N72</source>
                <target>N25</target>
            </link>
            <link id="L11">
                <source>N72</source>
                <target>N26</target>
            </link>
            <link id="L12">
                <source>N72</source>
                <target>N42</target>
            </link>
            <link id="L13">
                <source>N72</source>
                <target>N45</target>
            </link>
            <link id="L14">
                <source>N72</source>
                <target>N50</target>
            </link>
            <link id="L15">
                <source>N72</source>
                <target>N66</target>
            </link>
            <link id="L16">
                <source>N72</source>
                <target>N94</target>
            </link>
            <link id="L17">
                <source>N94</source>
                <target>N25</target>
            </link>
            <link id="L20">
                <source>N25</source>
                <target>N42</target>
            </link>
            <link id="L25">
                <source>N42</source>
                <target>N26</target>
            </link>
            <link id="L26">
                <source>N42</source>
                <target>N45</target>
            </link>
            <link id="L27">
                <source>N42</source>
                <target>N50</target>
            </link>
            <link id="L28">
                <source>N42</source>
                <target>N51</target>
            </link>
            <link id="L29">
                <source>N42</source>
                <target>N66</target>
            </link>
            <link id="L32">
                <source>N66</source>
                <target>N26</target>
            </link>
            <link id="L34">
                <source>N66</source>
                <target>N45</target>
            </link>
            <link id="L35">
                <source>N66</source>
                <target>N50</target>
            </link>
            <link id="L36">
                <source>N66</source>
                <target>N51</target>
            </link>
            <link id="L39">
                <source>N51</source>
                <target>N8</target>
            </link>
            <link id="L40">
                <source>N51</source>
                <target>N17</target>
            </link>
            <link id="L41">
                <source>N51</source>
                <target>N28</target>
            </link>
            <link id="L43">
                <source>N51</source>
                <target>N50</target>
            </link>
            <link id="L45">
                <source>N51</source>
                <target>N70</target>
            </link>
            <link id="L46">
                <source>N51</source>
                <target>N95</target>
            </link>
            <link id="L47">
                <source>N95</source>
                <target>N8</target>
            </link>
            <link id="L48">
                <source>N95</source>
                <target>N17</target>
            </link>
            <link id="L49">
                <source>N95</source>
                <target>N23</target>
            </link>
            <link id="L50">
                <source>N95</source>
                <target>N28</target>
            </link>
            <link id="L52">
                <source>N95</source>
                <target>N59</target>
            </link>
            <link id="L53">
                <source>N95</source>
                <target>N70</target>
            </link>
            <link id="L54">
                <source>N95</source>
                <target>N71</target>
            </link>
            <link id="L55">
                <source>N71</source>
                <target>N6</target>
            </link>
            <link id="L56">
                <source>N71</source>
                <target>N23</target>
            </link>
            <link id="L57">
                <source>N71</source>
                <target>N81</target>
            </link>
            <link id="L59">
                <source>N81</source>
                <target>N6</target>
            </link>
            <link id="L60">
                <source>N81</source>
                <target>N9</target>
            </link>
            <link id="L61">
                <source>N81</source>
                <target>N23</target>
            </link>
            <link id="L62">
                <source>N81</source>
                <target>N43</target>
            </link>
            <link id="L63">
                <source>N81</source>
                <target>N57</target>
            </link>
            <link id="L65">
                <source>N57</source>
                <target>N9</target>
            </link>
            <link id="L66">
                <source>N57</source>
                <target>N23</target>
            </link>
            <link id="L67">
                <source>N57</source>
                <target>N29</target>
            </link>
            <link id="L68">
                <source>N57</source>
                <target>N43</target>
            </link>
            <link id="L70">
                <source>N43</source>
                <target>N9</target>
            </link>
            <link id="L71">
                <source>N43</source>
                <target>N29</target>
            </link>
            <link id="L74">
                <source>N43</source>
                <target>N83</target>
            </link>
            <link id="L75">
                <source>N83</source>
                <target>N9</target>
            </link>
            <link id="L76">
                <source>N83</source>
                <target>N29</target>
            </link>
            <link id="L78">
                <source>N83</source>
                <target>N58</target>
            </link>
            <link id="L79">
                <source>N83</source>
                <target>N68</target>
            </link>
            <link id="L80">
                <source>N68</source>
                <target>N27</target>
            </link>
            <link id="L82">
                <source>N27</source>
                <target>N34</target>
            </link>
            <link id="L83">
                <source>N27</source>
                <target>N44</target>
            </link>
            <link id="L85">
                <source>N27</source>
                <target>N84</target>
            </link>
            <link id="L86">
                <source>N27</source>
                <target>N85</target>
            </link>
            <link id="L87">
                <source>N27</source>
                <target>N87</target>
            </link>
            <link id="L88">
                <source>N27</source>
                <target>N91</target>
            </link>
            <link id="L89">
                <source>N91</source>
                <target>N4</target>
            </link>
            <link id="L91">
                <source>N91</source>
                <target>N34</target>
            </link>
            <link id="L92">
                <source>N91</source>
                <target>N44</target>
            </link>
            <link id="L93">
                <source>N91</source>
                <target>N75</target>
            </link>
            <link id="L94">
                <source>N91</source>
                <target>N84</target>
            </link>
            <link id="L95">
                <source>N91</source>
                <target>N85</target>
            </link>
            <link id="L96">
                <source>N91</source>
                <target>N87</target>
            </link>
            <link id="L97">
                <source>N87</source>
                <target>N4</target>
            </link>
            <link id="L99">
                <source>N87</source>
                <target>N34</target>
            </link>
            <link id="L100">
                <source>N87</source>
                <target>N44</target>
            </link>
            <link id="L101">
                <source>N87</source>
                <target>N75</target>
            </link>
            <link id="L102">
                <source>N87</source>
                <target>N84</target>
            </link>
            <link id="L103">
                <source>N87</source>
                <target>N85</target>
            </link>
            <link id="L106">
                <source>N85</source>
                <target>N34</target>
            </link>
            <link id="L107">
                <source>N85</source>
                <target>N44</target>
            </link>
            <link id="L108">
                <source>N85</source>
                <target>N82</target>
            </link>
            <link id="L109">
                <source>N85</source>
                <target>N84</target>
            </link>
            <link id="L112">
                <source>N84</source>
                <target>N4</target>
            </link>
            <link id="L114">
                <source>N84</source>
                <target>N34</target>
            </link>
            <link id="L115">
                <source>N84</source>
                <target>N44</target>
            </link>
            <link id="L116">
                <source>N84</source>
                <target>N75</target>
            </link>
            <link id="L120">
                <source>N75</source>
                <target>N4</target>
            </link>
            <link id="L121">
                <source>N75</source>
                <target>N34</target>
            </link>
            <link id="L122">
                <source>N75</source>
                <target>N44</target>
            </link>
            <link id="L126">
                <source>N44</source>
                <target>N4</target>
            </link>
            <link id="L128">
                <source>N44</source>
                <target>N34</target>
            </link>
            <link id="L134">
                <source>N34</source>
                <target>N4</target>
            </link>
            <link id="L149">
                <source>N58</source>
                <target>N9</target>
            </link>
            <link id="L150">
                <source>N58</source>
                <target>N15</target>
            </link>
            <link id="L151">
                <source>N58</source>
                <target>N29</target>
            </link>
            <link id="L152">
                <source>N58</source>
                <target>N38</target>
            </link>
            <link id="L153">
                <source>N58</source>
                <target>N56</target>
            </link>
            <link id="L155">
                <source>N58</source>
                <target>N99</target>
            </link>
            <link id="L156">
                <source>N99</source>
                <target>N7</target>
            </link>
            <link id="L157">
                <source>N99</source>
                <target>N15</target>
            </link>
            <link id="L158">
                <source>N99</source>
                <target>N38</target>
            </link>
            <link id="L159">
                <source>N99</source>
                <target>N56</target>
            </link>
            <link id="L161">
                <source>N56</source>
                <target>N7</target>
            </link>
            <link id="L162">
                <source>N56</source>
                <target>N24</target>
            </link>
            <link id="L163">
                <source>N56</source>
                <target>N38</target>
            </link>
            <link id="L166">
                <source>N38</source>
                <target>N7</target>
            </link>
            <link id="L167">
                <source>N38</source>
                <target>N24</target>
            </link>
            <link id="L171">
                <source>N24</source>
                <target>N14</target>
            </link>
            <link id="L172">
                <source>N24</source>
                <target>N33</target>
            </link>
            <link id="L175">
                <source>N33</source>
                <target>N14</target>
            </link>
            <link id="L176">
                <source>N33</source>
                <target>N18</target>
            </link>
            <link id="L178">
                <source>N18</source>
                <target>N14</target>
            </link>
            <link id="L180">
                <source>N18</source>
                <target>N65</target>
            </link>
            <link id="L181">
                <source>N18</source>
                <target>N79</target>
            </link>
            <link id="L182">
                <source>N79</source>
                <target>N12</target>
            </link>
            <link id="L184">
                <source>N79</source>
                <target>N65</target>
            </link>
            <link id="L185">
                <source>N65</source>
                <target>N12</target>
            </link>
            <link id="L188">
                <source>N12</source>
                <target>N11</target>
            </link>
            <link id="L189">
                <source>N12</source>
                <target>N63</target>
            </link>
            <link id="L192">
                <source>N63</source>
                <target>N11</target>
            </link>
            <link id="L194">
                <source>N63</source>
                <target>N78</target>
            </link>
            <link id="L195">
                <source>N78</source>
                <target>N3</target>
            </link>
            <link id="L197">
                <source>N3</source>
                <target>N11</target>
            </link>
            <link id="L199">
                <source>N3</source>
                <target>N96</target>
            </link>
            <link id="L201">
                <source>N96</source>
                <target>N19</target>
            </link>
            <link id="L202">
                <source>N19</source>
                <target>N53</target>
            </link>
            <link id="L205">
                <source>N53</source>
                <target>N69</target>
            </link>
            <link id="L206">
                <source>N53</source>
                <target>N76</target>
            </link>
            <link id="L207">
                <source>N53</source>
                <target>N100</target>
            </link>
            <link id="L209">
                <source>N100</source>
                <target>N60</target>
            </link>
            <link id="L210">
                <source>N100</source>
                <target>N69</target>
            </link>
            <link id="L211">
                <source>N100</source>
                <target>N76</target>
            </link>
            <link id="L213">
                <source>N76</source>
                <target>N60</target>
            </link>
            <link id="L214">
                <source>N76</source>
                <target>N69</target>
            </link>
            <link id="L217">
                <source>N69</source>
                <target>N60</target>
            </link>
            <link id="L220">
                <source>N60</source>
                <target>N16</target>
            </link>
            <link id="L221">
                <source>N60</source>
                <target>N21</target>
            </link>
            <link id="L222">
                <source>N60</source>
                <target>N47</target>
            </link>
            <link id="L227">
                <source>N47</source>
                <target>N93</target>
            </link>
            <link id="L228">
                <source>N47</source>
                <target>N98</target>
            </link>
            <link id="L230">
                <source>N98</source>
                <target>N88</target>
            </link>
            <link id="L231">
                <source>N88</source>
                <target>N31</target>
            </link>
            <link id="L232">
                <source>N88</source>
                <target>N41</target>
            </link>
            <link id="L233">
                <source>N88</source>
                <target>N97</target>
            </link>
            <link id="L235">
                <source>N97</source>
                <target>N31</target>
            </link>
            <link id="L237">
                <source>N31</source>
                <target>N10</target>
            </link>
            <link id="L241">
                <source>N10</source>
                <target>N36</target>
            </link>
            <link id="L242">
                <source>N10</source>
                <target>N40</target>
            </link>
            <link id="L244">
                <source>N40</source>
                <target>N36</target>
            </link>
            <link id="L246">
                <source>N36</source>
                <target>N11</target>
            </link>
            <link id="L247">
                <source>N36</source>
                <target>N22</target>
            </link>
            <link id="L249">
                <source>N36</source>
                <target>N86</target>
            </link>
            <link id="L250">
                <source>N86</source>
                <target>N22</target>
            </link>
            <link id="L258">
                <source>N41</source>
                <target>N59</target>
            </link>
            <link id="L260">
                <source>N59</source>
                <target>N8</target>
            </link>
            <link id="L261">
                <source>N59</source>
                <target>N23</target>
            </link>
            <link id="L262">
                <source>N59</source>
                <target>N28</target>
            </link>
            <link id="L265">
                <source>N28</source>
                <target>N8</target>
            </link>
            <link id="L266">
                <source>N28</source>
                <target>N17</target>
            </link>
            <link id="L269">
                <source>N28</source>
                <target>N64</target>
            </link>
            <link id="L270">
                <source>N28</source>
                <target>N70</target>
            </link>
            <link id="L272">
                <source>N70</source>
                <target>N8</target>
            </link>
            <link id="L273">
                <source>N70</source>
                <target>N17</target>
            </link>
            <link id="L277">
                <source>N17</source>
                <target>N8</target>
            </link>
            <link id="L279">
                <source>N17</source>
                <target>N37</target>
            </link>
            <link id="L281">
                <source>N17</source>
                <target>N64</target>
            </link>
            <link id="L283">
                <source>N17</source>
                <target>N77</target>
            </link>
            <link id="L286">
                <source>N77</source>
                <target>N37</target>
            </link>
            <link id="L287">
                <source>N77</source>
                <target>N64</target>
            </link>
            <link id="L290">
                <source>N64</source>
                <target>N37</target>
            </link>
            <link id="L292">
                <source>N37</source>
                <target>N5</target>
            </link>
            <link id="L296">
                <source>N5</source>
                <target>N20</target>
            </link>
            <link id="L297">
                <source>N5</source>
                <target>N30</target>
            </link>
            <link id="L299">
                <source>N5</source>
                <target>N80</target>
            </link>
            <link id="L300">
                <source>N5</source>
                <target>N89</target>
            </link>
            <link id="L302">
                <source>N89</source>
                <target>N20</target>
            </link>
            <link id="L303">
                <source>N89</source>
                <target>N30</target>
            </link>
            <link id="L304">
                <source>N89</source>
                <target>N32</target>
            </link>
            <link id="L305">
                <source>N89</source>
                <target>N46</target>
            </link>
            <link id="L306">
                <source>N89</source>
                <target>N49</target>
            </link>
            <link id="L307">
                <source>N89</source>
                <target>N80</target>
            </link>
            <link id="L308">
                <source>N89</source>
                <target>N92</target>
            </link>
            <link id="L309">
                <source>N92</source>
                <target>N46</target>
            </link>
            <link id="L311">
                <source>N46</source>
                <target>N20</target>
            </link>
            <link id="L312">
                <source>N46</source>
                <target>N30</target>
            </link>
            <link id="L316">
                <source>N30</source>
                <target>N20</target>
            </link>
            <link id="L317">
                <source>N30</source>
                <target>N32</target>
            </link>
            <link id="L319">
                <source>N30</source>
                <target>N80</target>
            </link>
            <link id="L323">
                <source>N80</source>
                <target>N32</target>
            </link>
            <link id="L324">
                <source>N80</source>
                <target>N49</target>
            </link>
            <link id="L325">
                <source>N80</source>
                <target>N61</target>
            </link>
            <link id="L327">
                <source>N61</source>
                <target>N32</target>
            </link>
            <link id="L328">
                <source>N61</source>
                <target>N49</target>
            </link>
            <link id="L330">
                <source>N49</source>
                <target>N32</target>
            </link>
            <link id="L332">
                <source>N49</source>
                <target>N67</target>
            </link>
            <link id="L335">
                <source>N67</source>
                <target>N32</target>
            </link>
            <link id="L353">
                <source>N23</source>
                <target>N6</target>
            </link>
            <link id="L363">
                <source>N93</source>
                <target>N73</target>
            </link>
            <link id="L364">
                <source>N73</source>
                <target>N45</target>
            </link>
            <link id="L367">
                <source>N45</source>
                <target>N26</target>
            </link>
            <link id="L369">
                <source>N45</source>
                <target>N50</target>
            </link>
            <link id="L374">
                <source>N50</source>
                <target>N26</target>
            </link>
            <link id="L386">
                <source>N21</source>
                <target>N16</target>
            </link>
            <link id="L393">
                <source>N7</source>
                <target>N15</target>
            </link>
            <link id="L397">
                <source>N15</source>
                <target>N2</target>
            </link>
            <link id="L401">
                <source>N2</source>
                <target>N13</target>
            </link>
            <link id="L403">
                <source>N2</source>
                <target>N39</target>
            </link>
            <link id="L404">
                <source>N2</source>
                <target>N48</target>
            </link>
            <link id="L406">
                <source>N48</source>
                <target>N13</target>
            </link>
            <link id="L407">
                <source>N48</source>
                <target>N39</target>
            </link>
            <link id="L409">
                <source>N39</source>
                <target>N13</target>
            </link>
            <link id="L411">
                <source>N39</source>
                <target>N54</target>
            </link>
            <link id="L412">
                <source>N39</source>
                <target>N90</target>
            </link>
            <link id="L413">
                <source>N90</source>
                <target>N35</target>
            </link>
            <link id="L415">
                <source>N90</source>
                <target>N54</target>
            </link>
            <link id="L416">
                <source>N54</source>
                <target>N35</target>
            </link>
            <link id="L424">
                <source>N29</source>
                <target>N9</target>
            </link>
        </links>
    </networkStructure>
</network>