<?xml version="1.0" encoding="ISO-8859-1"?>
<network>
 <networkStructure>
  <links><link id="L1"><source>N1</source><target>N2</target></link><link id="L2"><source>N1</source><target>N39</target></link><link id="L4"><source>N39</source><target>N2</target></link><link id="L5"><source>N39</source><target>N42</target></link><link id="L6"><source>N39</source><target>N43</target></link><link id="L7"><source>N43</source><target>N9</target></link><link id="L8"><source>N43</source><target>N26</target></link><link id="L10"><source>N43</source><target>N42</target></link><link id="L13"><source>N26</source><target>N3</target></link><link id="L14"><source>N26</source><target>N9</target></link><link id="L15"><source>N26</source><target>N35</target></link><link id="L16"><source>N26</source><target>N41</target></link><link id="L18"><source>N26</source><target>N48</target></link><link id="L19"><source>N48</source><target>N3</target></link><link id="L20"><source>N48</source><target>N9</target></link><link id="L22"><source>N48</source><target>N35</target></link><link id="L23"><source>N48</source><target>N38</target></link><link id="L24"><source>N48</source><target>N41</target></link><link id="L25"><source>N41</source><target>N3</target></link><link id="L26"><source>N41</source><target>N9</target></link><link id="L28"><source>N41</source><target>N35</target></link><link id="L29"><source>N41</source><target>N38</target></link><link id="L31"><source>N38</source><target>N3</target></link><link id="L32"><source>N38</source><target>N9</target></link><link id="L33"><source>N38</source><target>N16</target></link><link id="L34"><source>N38</source><target>N17</target></link><link id="L35"><source>N38</source><target>N21</target></link><link id="L36"><source>N38</source><target>N35</target></link><link id="L39"><source>N35</source><target>N3</target></link><link id="L40"><source>N35</source><target>N9</target></link><link id="L45"><source>N9</source><target>N3</target></link><link id="L53"><source>N3</source><target>N17</target></link><link id="L54"><source>N3</source><target>N21</target></link><link id="L61"><source>N21</source><target>N17</target></link><link id="L62"><source>N21</source><target>N19</target></link><link id="L63"><source>N21</source><target>N34</target></link><link id="L65"><source>N21</source><target>N46</target></link><link id="L66"><source>N46</source><target>N12</target></link><link id="L67"><source>N46</source><target>N17</target></link><link id="L68"><source>N46</source><target>N18</target></link><link id="L69"><source>N46</source><target>N19</target></link><link id="L71"><source>N46</source><target>N24</target></link><link id="L72"><source>N46</source><target>N49</target></link><link id="L73"><source>N49</source><target>N19</target></link><link id="L74"><source>N49</source><target>N20</target></link><link id="L75"><source>N49</source><target>N24</target></link><link id="L77"><source>N49</source><target>N50</target></link><link id="L78"><source>N50</source><target>N15</target></link><link id="L79"><source>N50</source><target>N18</target></link><link id="L80"><source>N50</source><target>N30</target></link><link id="L81"><source>N50</source><target>N32</target></link><link id="L83"><source>N32</source><target>N23</target></link><link id="L84"><source>N32</source><target>N30</target></link><link id="L86"><source>N30</source><target>N23</target></link><link id="L91"><source>N18</source><target>N12</target></link><link id="L92"><source>N18</source><target>N15</target></link><link id="L93"><source>N18</source><target>N24</target></link><link id="L94"><source>N18</source><target>N33</target></link><link id="L97"><source>N33</source><target>N10</target></link><link id="L98"><source>N33</source><target>N15</target></link><link id="L100"><source>N33</source><target>N25</target></link><link id="L101"><source>N25</source><target>N10</target></link><link id="L102"><source>N25</source><target>N15</target></link><link id="L110"><source>N24</source><target>N12</target></link><link id="L111"><source>N24</source><target>N17</target></link><link id="L116"><source>N17</source><target>N12</target></link><link id="L125"><source>N20</source><target>N19</target></link><link id="L126"><source>N20</source><target>N34</target></link><link id="L127"><source>N20</source><target>N36</target></link><link id="L129"><source>N20</source><target>N51</target></link><link id="L130"><source>N51</source><target>N13</target></link><link id="L132"><source>N51</source><target>N28</target></link><link id="L133"><source>N51</source><target>N36</target></link><link id="L134"><source>N51</source><target>N37</target></link><link id="L135"><source>N37</source><target>N13</target></link><link id="L136"><source>N37</source><target>N28</target></link><link id="L137"><source>N37</source><target>N36</target></link><link id="L139"><source>N36</source><target>N13</target></link><link id="L141"><source>N36</source><target>N28</target></link><link id="L144"><source>N28</source><target>N13</target></link><link id="L148"><source>N13</source><target>N4</target></link><link id="L154"><source>N34</source><target>N7</target></link><link id="L155"><source>N34</source><target>N19</target></link><link id="L163"><source>N7</source><target>N5</target></link><link id="L166"><source>N16</source><target>N29</target></link><link id="L168"><source>N29</source><target>N11</target></link><link id="L170"><source>N11</source><target>N8</target></link><link id="L171"><source>N11</source><target>N27</target></link><link id="L173"><source>N11</source><target>N40</target></link><link id="L174"><source>N11</source><target>N45</target></link><link id="L175"><source>N45</source><target>N6</target></link><link id="L176"><source>N45</source><target>N8</target></link><link id="L178"><source>N45</source><target>N22</target></link><link id="L179"><source>N45</source><target>N27</target></link><link id="L180"><source>N45</source><target>N31</target></link><link id="L181"><source>N45</source><target>N40</target></link><link id="L182"><source>N40</source><target>N6</target></link><link id="L183"><source>N40</source><target>N8</target></link><link id="L185"><source>N40</source><target>N22</target></link><link id="L186"><source>N40</source><target>N27</target></link><link id="L187"><source>N40</source><target>N31</target></link><link id="L189"><source>N31</source><target>N8</target></link><link id="L190"><source>N31</source><target>N22</target></link><link id="L193"><source>N22</source><target>N8</target></link><link id="L197"><source>N8</source><target>N6</target></link><link id="L200"><source>N8</source><target>N27</target></link><link id="L204"><source>N27</source><target>N6</target></link><link id="L210"><source>N6</source><target>N14</target></link></links>
 </networkStructure></network>