<?xml version="1.0" encoding="ISO-8859-1"?>
<network>
 <networkStructure>
  <links><link id="L1"><source>N1</source><target>N4</target></link><link id="L2"><source>N1</source><target>N15</target></link><link id="L3"><source>N1</source><target>N33</target></link><link id="L4"><source>N1</source><target>N41</target></link><link id="L5"><source>N1</source><target>N72</target></link><link id="L6"><source>N1</source><target>N79</target></link><link id="L8"><source>N79</source><target>N4</target></link><link id="L9"><source>N79</source><target>N15</target></link><link id="L10"><source>N79</source><target>N33</target></link><link id="L11"><source>N79</source><target>N37</target></link><link id="L12"><source>N79</source><target>N72</target></link><link id="L14"><source>N72</source><target>N33</target></link><link id="L15"><source>N72</source><target>N41</target></link><link id="L16"><source>N72</source><target>N68</target></link><link id="L18"><source>N68</source><target>N3</target></link><link id="L19"><source>N68</source><target>N41</target></link><link id="L20"><source>N68</source><target>N61</target></link><link id="L22"><source>N61</source><target>N3</target></link><link id="L23"><source>N61</source><target>N43</target></link><link id="L25"><source>N43</source><target>N50</target></link><link id="L27"><source>N50</source><target>N31</target></link><link id="L29"><source>N50</source><target>N75</target></link><link id="L30"><source>N75</source><target>N10</target></link><link id="L31"><source>N75</source><target>N23</target></link><link id="L32"><source>N75</source><target>N31</target></link><link id="L33"><source>N75</source><target>N40</target></link><link id="L35"><source>N40</source><target>N12</target></link><link id="L36"><source>N40</source><target>N26</target></link><link id="L37"><source>N40</source><target>N31</target></link><link id="L38"><source>N40</source><target>N34</target></link><link id="L39"><source>N40</source><target>N53</target></link><link id="L40"><source>N40</source><target>N65</target></link><link id="L42"><source>N65</source><target>N12</target></link><link id="L43"><source>N65</source><target>N13</target></link><link id="L44"><source>N65</source><target>N24</target></link><link id="L45"><source>N65</source><target>N25</target></link><link id="L47"><source>N65</source><target>N74</target></link><link id="L48"><source>N74</source><target>N12</target></link><link id="L49"><source>N74</source><target>N13</target></link><link id="L50"><source>N74</source><target>N24</target></link><link id="L51"><source>N74</source><target>N35</target></link><link id="L53"><source>N74</source><target>N69</target></link><link id="L54"><source>N74</source><target>N71</target></link><link id="L55"><source>N74</source><target>N76</target></link><link id="L56"><source>N76</source><target>N8</target></link><link id="L57"><source>N76</source><target>N12</target></link><link id="L58"><source>N76</source><target>N13</target></link><link id="L59"><source>N76</source><target>N35</target></link><link id="L60"><source>N76</source><target>N71</target></link><link id="L61"><source>N76</source><target>N73</target></link><link id="L63"><source>N73</source><target>N8</target></link><link id="L64"><source>N73</source><target>N35</target></link><link id="L65"><source>N73</source><target>N71</target></link><link id="L67"><source>N71</source><target>N8</target></link><link id="L68"><source>N71</source><target>N35</target></link><link id="L72"><source>N35</source><target>N8</target></link><link id="L73"><source>N35</source><target>N13</target></link><link id="L74"><source>N35</source><target>N69</target></link><link id="L79"><source>N69</source><target>N13</target></link><link id="L80"><source>N69</source><target>N24</target></link><link id="L82"><source>N69</source><target>N60</target></link><link id="L84"><source>N60</source><target>N25</target></link><link id="L86"><source>N25</source><target>N24</target></link><link id="L89"><source>N24</source><target>N12</target></link><link id="L90"><source>N24</source><target>N13</target></link><link id="L95"><source>N13</source><target>N12</target></link><link id="L112"><source>N53</source><target>N9</target></link><link id="L113"><source>N53</source><target>N26</target></link><link id="L114"><source>N53</source><target>N31</target></link><link id="L115"><source>N53</source><target>N34</target></link><link id="L117"><source>N53</source><target>N47</target></link><link id="L118"><source>N47</source><target>N9</target></link><link id="L119"><source>N47</source><target>N28</target></link><link id="L120"><source>N47</source><target>N52</target></link><link id="L122"><source>N52</source><target>N6</target></link><link id="L123"><source>N52</source><target>N7</target></link><link id="L124"><source>N52</source><target>N28</target></link><link id="L126"><source>N52</source><target>N55</target></link><link id="L127"><source>N55</source><target>N6</target></link><link id="L128"><source>N55</source><target>N7</target></link><link id="L129"><source>N55</source><target>N48</target></link><link id="L131"><source>N55</source><target>N80</target></link><link id="L132"><source>N80</source><target>N5</target></link><link id="L133"><source>N80</source><target>N7</target></link><link id="L134"><source>N80</source><target>N48</target></link><link id="L136"><source>N80</source><target>N57</target></link><link id="L137"><source>N80</source><target>N70</target></link><link id="L138"><source>N80</source><target>N78</target></link><link id="L139"><source>N78</source><target>N5</target></link><link id="L140"><source>N78</source><target>N49</target></link><link id="L141"><source>N78</source><target>N70</target></link><link id="L143"><source>N70</source><target>N6</target></link><link id="L144"><source>N70</source><target>N49</target></link><link id="L147"><source>N49</source><target>N2</target></link><link id="L150"><source>N2</source><target>N38</target></link><link id="L152"><source>N2</source><target>N54</target></link><link id="L154"><source>N54</source><target>N38</target></link><link id="L155"><source>N54</source><target>N59</target></link><link id="L156"><source>N59</source><target>N14</target></link><link id="L157"><source>N59</source><target>N27</target></link><link id="L158"><source>N59</source><target>N32</target></link><link id="L160"><source>N32</source><target>N14</target></link><link id="L161"><source>N32</source><target>N27</target></link><link id="L163"><source>N27</source><target>N14</target></link><link id="L171"><source>N6</source><target>N4</target></link><link id="L172"><source>N6</source><target>N33</target></link><link id="L173"><source>N6</source><target>N37</target></link><link id="L177"><source>N37</source><target>N4</target></link><link id="L179"><source>N37</source><target>N15</target></link><link id="L180"><source>N37</source><target>N33</target></link><link id="L183"><source>N33</source><target>N4</target></link><link id="L194"><source>N15</source><target>N17</target></link><link id="L196"><source>N15</source><target>N44</target></link><link id="L200"><source>N5</source><target>N18</target></link><link id="L201"><source>N5</source><target>N19</target></link><link id="L202"><source>N5</source><target>N45</target></link><link id="L203"><source>N5</source><target>N57</target></link><link id="L207"><source>N57</source><target>N19</target></link><link id="L210"><source>N19</source><target>N18</target></link><link id="L212"><source>N19</source><target>N77</target></link><link id="L214"><source>N77</source><target>N29</target></link><link id="L215"><source>N77</source><target>N36</target></link><link id="L216"><source>N77</source><target>N63</target></link><link id="L217"><source>N63</source><target>N48</target></link><link id="L218"><source>N63</source><target>N66</target></link><link id="L220"><source>N66</source><target>N36</target></link><link id="L221"><source>N66</source><target>N62</target></link><link id="L223"><source>N66</source><target>N67</target></link><link id="L224"><source>N67</source><target>N39</target></link><link id="L227"><source>N62</source><target>N16</target></link><link id="L228"><source>N62</source><target>N22</target></link><link id="L229"><source>N62</source><target>N42</target></link><link id="L231"><source>N42</source><target>N16</target></link><link id="L232"><source>N42</source><target>N22</target></link><link id="L234"><source>N22</source><target>N16</target></link><link id="L237"><source>N16</source><target>N20</target></link><link id="L239"><source>N16</source><target>N36</target></link><link id="L243"><source>N36</source><target>N20</target></link><link id="L244"><source>N36</source><target>N46</target></link><link id="L247"><source>N46</source><target>N20</target></link><link id="L248"><source>N46</source><target>N30</target></link><link id="L250"><source>N46</source><target>N51</target></link><link id="L251"><source>N51</source><target>N20</target></link><link id="L252"><source>N51</source><target>N30</target></link><link id="L254"><source>N30</source><target>N20</target></link><link id="L262"><source>N48</source><target>N7</target></link><link id="L266"><source>N7</source><target>N28</target></link><link id="L277"><source>N18</source><target>N45</target></link><link id="L280"><source>N9</source><target>N26</target></link><link id="L281"><source>N9</source><target>N31</target></link><link id="L285"><source>N31</source><target>N26</target></link><link id="L286"><source>N31</source><target>N34</target></link><link id="L291"><source>N34</source><target>N21</target></link><link id="L292"><source>N34</source><target>N26</target></link><link id="L302"><source>N23</source><target>N10</target></link><link id="L306"><source>N3</source><target>N41</target></link></links>
 </networkStructure></network>