2021-06-15 22:45:16.612031, N116, N67, 367.0986931324005, 316, 300, 21.518077086949248, False, False, 10000, 100, 10000, 1000, 95, 10, 30, 50, 50, 0.4, 3, 100, 10, 500, 1000, 1000, 25
2021-06-15 22:51:23.713336, N72, N126, 374.8973078727722, 335, 300, 23.310456383024444, False, False, 10000, 100, 10000, 1000, 95, 10, 30, 50, 50, 0.4, 3, 100, 10, 500, 1000, 1000, 25
2021-06-15 22:57:38.616670, N184, N15, 349.5718195438385, 321, 300, 25.448337967479826, False, False, 10000, 100, 10000, 1000, 95, 10, 30, 50, 50, 0.4, 3, 100, 10, 500, 1000, 1000, 25
2021-06-15 23:03:28.207086, N34, N71, 397.5244400501251, 328, 300, 17.93906078128672, False, False, 10000, 100, 10000, 1000, 95, 10, 30, 50, 50, 0.4, 3, 100, 10, 500, 1000, 1000, 25
2021-06-15 23:10:05.746762, N79, N112, 405.98984384536743, 325, 300, 17.22465575635916, False, False, 10000, 100, 10000, 1000, 95, 10, 30, 50, 50, 0.4, 3, 100, 10, 500, 1000, 1000, 25
2021-06-15 23:16:51.752010, N173, N87, 366.45369267463684, 321, 300, 23.589919456068127, False, False, 10000, 100, 10000, 1000, 95, 10, 30, 50, 50, 0.4, 3, 100, 10, 500, 1000, 1000, 25
2021-06-15 23:22:58.223228, N62, N109, 397.1643486022949, 322, 300, 19.493573219501286, False, False, 10000, 100, 10000, 1000, 95, 10, 30, 50, 50, 0.4, 3, 100, 10, 500, 1000, 1000, 25
2021-06-15 23:29:35.410808, N102, N137, 101.39997220039368, 103, 100, -1.749678559981803, True, True, 10000, 100, 10000, 1000, 95, 10, 30, 50, 50, 0.4, 3, 100, 10, 500, 1000, 1000, 25
2021-06-15 23:31:16.826485, N137, N90, 404.52100586891174, 325, 300, 21.751195144022923, False, False, 10000, 100, 10000, 1000, 95, 10, 30, 50, 50, 0.4, 3, 100, 10, 500, 1000, 1000, 25
2021-06-15 23:38:01.362220, N149, N45, 362.2068796157837, 331, 300, 27.218234464895833, False, False, 10000, 100, 10000, 1000, 95, 10, 30, 50, 50, 0.4, 3, 100, 10, 500, 1000, 1000, 25
2021-06-15 23:44:03.581975, N149, N9, 358.81213879585266, 320, 300, 23.888869347833, False, False, 10000, 100, 10000, 1000, 95, 10, 30, 50, 50, 0.4, 3, 100, 10, 500, 1000, 1000, 25
2021-06-15 23:50:02.415854, N133, N24, 439.48418498039246, 333, 300, 16.09523704297936, False, False, 10000, 100, 10000, 1000, 95, 10, 30, 50, 50, 0.4, 3, 100, 10, 500, 1000, 1000, 25
2021-06-15 23:57:21.917090, N101, N155, 113.36728930473328, 109, 100, -1.0101753407834129, True, True, 10000, 100, 10000, 1000, 95, 10, 30, 50, 50, 0.4, 3, 100, 10, 500, 1000, 1000, 25
2021-06-15 23:59:15.304534, N82, N175, 378.9886636734009, 318, 300, 19.493572990633375, False, False, 10000, 100, 10000, 1000, 95, 10, 30, 50, 50, 0.4, 3, 100, 10, 500, 1000, 1000, 25
2021-06-16 00:05:34.301735, N55, N14, 118.15706729888916, 107, 100, 11.270455553768693, True, True, 10000, 100, 10000, 1000, 95, 10, 30, 50, 50, 0.4, 3, 100, 10, 500, 1000, 1000, 25
2021-06-16 00:07:32.476664, N48, N2, 544.9964120388031, 497, 300, 30.884985652340788, False, False, 10000, 100, 10000, 1000, 95, 10, 30, 50, 50, 0.4, 3, 100, 10, 500, 1000, 1000, 25
2021-06-16 00:16:37.495625, N133, N54, 361.2356433868408, 315, 300, 23.94317597940014, False, False, 10000, 100, 10000, 1000, 95, 10, 30, 50, 50, 0.4, 3, 100, 10, 500, 1000, 1000, 25
2021-06-16 00:22:38.752962, N48, N152, 345.1464123725891, 315, 300, 31.205700872514683, False, False, 10000, 100, 10000, 1000, 95, 10, 30, 50, 50, 0.4, 3, 100, 10, 500, 1000, 1000, 25
2021-06-16 00:28:23.912255, N148, N116, 615.8427548408508, 456, 300, 20.852334392541266, False, False, 10000, 100, 10000, 1000, 95, 10, 30, 50, 50, 0.4, 3, 100, 10, 500, 1000, 1000, 25
2021-06-16 00:38:39.770187, N144, N133, 346.9045524597168, 314, 300, 25.345298013627506, False, False, 10000, 100, 10000, 1000, 95, 10, 30, 50, 50, 0.4, 3, 100, 10, 500, 1000, 1000, 25
2021-06-16 00:44:26.689788, N194, N16, 111.85803556442261, 107, 100, 2.922593567403613, True, True, 10000, 100, 10000, 1000, 95, 10, 30, 50, 50, 0.4, 3, 100, 10, 500, 1000, 1000, 25
2021-06-16 00:46:18.556748, N44, N148, 379.83820843696594, 327, 300, 20.865063173185426, False, False, 10000, 100, 10000, 1000, 95, 10, 30, 50, 50, 0.4, 3, 100, 10, 500, 1000, 1000, 25
2021-06-16 00:52:38.414573, N175, N22, 422.05783581733704, 336, 300, 18.686424686975528, False, False, 10000, 100, 10000, 1000, 95, 10, 30, 50, 50, 0.4, 3, 100, 10, 500, 1000, 1000, 25
2021-06-16 00:59:40.480307, N4, N139, 395.3819389343262, 315, 300, 21.363074888418584, False, False, 10000, 100, 10000, 1000, 95, 10, 30, 50, 50, 0.4, 3, 100, 10, 500, 1000, 1000, 25
2021-06-16 01:06:15.872147, N194, N144, 375.8669743537903, 319, 300, 20.560600221824387, False, False, 10000, 100, 10000, 1000, 95, 10, 30, 50, 50, 0.4, 3, 100, 10, 500, 1000, 1000, 25
2021-06-16 01:12:31.754892, N47, N65, 423.32845282554626, 326, 300, 21.253965619774586, False, False, 10000, 100, 10000, 1000, 95, 10, 30, 50, 50, 0.4, 3, 100, 10, 500, 1000, 1000, 25
2021-06-16 01:19:35.097710, N71, N166, 397.9417760372162, 321, 300, 19.52815319038264, False, False, 10000, 100, 10000, 1000, 95, 10, 30, 50, 50, 0.4, 3, 100, 10, 500, 1000, 1000, 25
2021-06-16 01:26:13.048013, N39, N51, 99.05250144004822, 102, 100, -3.2491727112648756, True, True, 10000, 100, 10000, 1000, 95, 10, 30, 50, 50, 0.4, 3, 100, 10, 500, 1000, 1000, 25
2021-06-16 01:27:52.117531, N112, N123, 392.70393347740173, 317, 300, 20.457534394986354, False, False, 10000, 100, 10000, 1000, 95, 10, 30, 50, 50, 0.4, 3, 100, 10, 500, 1000, 1000, 25
2021-06-16 01:34:24.843066, N152, N13, 357.5588891506195, 319, 300, 24.6083258661136, False, False, 10000, 100, 10000, 1000, 95, 10, 30, 50, 50, 0.4, 3, 100, 10, 500, 1000, 1000, 25
2021-06-16 01:40:22.418441, N41, N91, 401.61428570747375, 332, 300, 20.338922242323452, False, False, 10000, 100, 10000, 1000, 95, 10, 30, 50, 50, 0.4, 3, 100, 10, 500, 1000, 1000, 25
2021-06-16 01:47:04.038232, N73, N120, 107.67304801940918, 105, 100, 7.187912959960911, True, True, 10000, 100, 10000, 1000, 95, 10, 30, 50, 50, 0.4, 3, 100, 10, 500, 1000, 1000, 25
2021-06-16 01:48:51.720261, N97, N126, 363.5041139125824, 317, 300, 22.12403948889786, False, False, 10000, 100, 10000, 1000, 95, 10, 30, 50, 50, 0.4, 3, 100, 10, 500, 1000, 1000, 25
2021-06-16 01:54:55.239043, N146, N147, 403.96686697006226, 321, 300, 17.185655172666298, False, False, 10000, 100, 10000, 1000, 95, 10, 30, 50, 50, 0.4, 3, 100, 10, 500, 1000, 1000, 25
2021-06-16 02:01:39.222035, N114, N97, 343.27350211143494, 317, 300, 24.236091626577593, False, False, 10000, 100, 10000, 1000, 95, 10, 30, 50, 50, 0.4, 3, 100, 10, 500, 1000, 1000, 25
2021-06-16 02:07:22.503161, N90, N101, 383.35686564445496, 321, 300, 19.443181804073234, False, False, 10000, 100, 10000, 1000, 95, 10, 30, 50, 50, 0.4, 3, 100, 10, 500, 1000, 1000, 25
2021-06-16 02:13:45.874616, N5, N72, 371.01760268211365, 323, 300, 22.594999084857456, False, False, 10000, 100, 10000, 1000, 95, 10, 30, 50, 50, 0.4, 3, 100, 10, 500, 1000, 1000, 25
2021-06-16 02:19:56.901645, N17, N143, 366.6088056564331, 318, 300, 21.777771920173485, False, False, 10000, 100, 10000, 1000, 95, 10, 30, 50, 50, 0.4, 3, 100, 10, 500, 1000, 1000, 25
2021-06-16 02:26:03.526150, N123, N44, 404.4256982803345, 329, 300, 21.53388010405614, False, False, 10000, 100, 10000, 1000, 95, 10, 30, 50, 50, 0.4, 3, 100, 10, 500, 1000, 1000, 25
2021-06-16 02:32:47.970751, N14, N72, 440.9028823375702, 333, 300, 17.227620332503108, False, False, 10000, 100, 10000, 1000, 95, 10, 30, 50, 50, 0.4, 3, 100, 10, 500, 1000, 1000, 25
2021-06-16 02:40:08.892290, N159, N94, 94.31891465187073, 100, 100, -3.3599228337176004, True, True, 10000, 100, 10000, 1000, 95, 10, 30, 50, 50, 0.4, 3, 100, 10, 500, 1000, 1000, 25
2021-06-16 02:41:43.226485, N12, N101, 104.40407228469849, 104, 100, -1.1249638298558653, True, True, 10000, 100, 10000, 1000, 95, 10, 30, 50, 50, 0.4, 3, 100, 10, 500, 1000, 1000, 25
2021-06-16 02:43:27.651324, N65, N175, 378.91616559028625, 323, 300, 19.571555538639355, False, False, 10000, 100, 10000, 1000, 95, 10, 30, 50, 50, 0.4, 3, 100, 10, 500, 1000, 1000, 25
2021-06-16 02:49:46.573806, N183, N169, 378.7212510108948, 329, 300, 26.426312216170583, False, False, 10000, 100, 10000, 1000, 95, 10, 30, 50, 50, 0.4, 3, 100, 10, 500, 1000, 1000, 25
2021-06-16 02:56:05.319606, N33, N191, 148.4365735054016, 144, 100, 3.2459350167933017, True, True, 10000, 100, 10000, 1000, 95, 10, 30, 50, 50, 0.4, 3, 100, 10, 500, 1000, 1000, 25
2021-06-16 02:58:33.764504, N194, N14, 397.9898705482483, 318, 300, 17.29539904594988, False, False, 10000, 100, 10000, 1000, 95, 10, 30, 50, 50, 0.4, 3, 100, 10, 500, 1000, 1000, 25
2021-06-16 03:05:11.769141, N82, N194, 116.20522356033325, 114, 100, 7.121873036495626, True, True, 10000, 100, 10000, 1000, 95, 10, 30, 50, 50, 0.4, 3, 100, 10, 500, 1000, 1000, 25
2021-06-16 03:07:07.989748, N91, N195, 358.92813992500305, 320, 300, 22.589967840152298, False, False, 10000, 100, 10000, 1000, 95, 10, 30, 50, 50, 0.4, 3, 100, 10, 500, 1000, 1000, 25
2021-06-16 03:13:06.928690, N107, N52, 100.50365829467773, 102, 100, 10.936242779179937, True, True, 10000, 100, 10000, 1000, 95, 10, 30, 50, 50, 0.4, 3, 100, 10, 500, 1000, 1000, 25
2021-06-16 03:14:47.448550, N173, N152, 354.77654552459717, 316, 300, 25.65986869709815, False, False, 10000, 100, 10000, 1000, 95, 10, 30, 50, 50, 0.4, 3, 100, 10, 500, 1000, 1000, 25
2021-06-16 03:20:42.240471, N73, N97, 335.6753213405609, 315, 300, 26.357077835522343, False, False, 10000, 100, 10000, 1000, 95, 10, 30, 50, 50, 0.4, 3, 100, 10, 500, 1000, 1000, 25
2021-06-16 03:26:17.922419, N32, N60, 382.8927147388458, 322, 300, 17.920745394408762, False, False, 10000, 100, 10000, 1000, 95, 10, 30, 50, 50, 0.4, 3, 100, 10, 500, 1000, 1000, 25
2021-06-16 03:32:40.838359, N194, N145, 392.2998299598694, 324, 300, 16.544871637097575, False, False, 10000, 100, 10000, 1000, 95, 10, 30, 50, 50, 0.4, 3, 100, 10, 500, 1000, 1000, 25
2021-06-16 03:39:13.169493, N154, N144, 387.2800843715668, 323, 300, 20.701535363764823, False, False, 10000, 100, 10000, 1000, 95, 10, 30, 50, 50, 0.4, 3, 100, 10, 500, 1000, 1000, 25
2021-06-16 03:45:40.457501, N87, N43, 367.55314803123474, 319, 300, 18.72435844802182, False, False, 10000, 100, 10000, 1000, 95, 10, 30, 50, 50, 0.4, 3, 100, 10, 500, 1000, 1000, 25
2021-06-16 03:51:48.025814, N136, N6, 345.62088441848755, 317, 300, 23.94317597940014, False, False, 10000, 100, 10000, 1000, 95, 10, 30, 50, 50, 0.4, 3, 100, 10, 500, 1000, 1000, 25
2021-06-16 03:57:33.665877, N50, N65, 391.4649291038513, 328, 300, 19.851272888284004, False, False, 10000, 100, 10000, 1000, 95, 10, 30, 50, 50, 0.4, 3, 100, 10, 500, 1000, 1000, 25
2021-06-16 04:04:05.147280, N49, N21, 428.4322578907013, 335, 300, 14.604392967231849, False, False, 10000, 100, 10000, 1000, 95, 10, 30, 50, 50, 0.4, 3, 100, 10, 500, 1000, 1000, 25
2021-06-16 04:11:13.600747, N93, N89, 389.5962257385254, 322, 300, 17.90904902164923, False, False, 10000, 100, 10000, 1000, 95, 10, 30, 50, 50, 0.4, 3, 100, 10, 500, 1000, 1000, 25
2021-06-16 04:17:43.217119, N48, N20, 330.29129219055176, 315, 300, 27.60325665843082, False, False, 10000, 100, 10000, 1000, 95, 10, 30, 50, 50, 0.4, 3, 100, 10, 500, 1000, 1000, 25
2021-06-16 04:23:13.530693, N140, N89, 393.49756145477295, 321, 300, 17.937728412745187, False, False, 10000, 100, 10000, 1000, 95, 10, 30, 50, 50, 0.4, 3, 100, 10, 500, 1000, 1000, 25
2021-06-16 04:29:47.043587, N113, N48, 396.82507157325745, 326, 300, 18.724342450270516, False, False, 10000, 100, 10000, 1000, 95, 10, 30, 50, 50, 0.4, 3, 100, 10, 500, 1000, 1000, 25
2021-06-16 04:36:23.877511, N109, N39, 382.95218300819397, 323, 300, 17.9826745005827, False, False, 10000, 100, 10000, 1000, 95, 10, 30, 50, 50, 0.4, 3, 100, 10, 500, 1000, 1000, 25
2021-06-16 04:42:46.842717, N69, N45, 353.73235058784485, 324, 300, 24.144226399314913, False, False, 10000, 100, 10000, 1000, 95, 10, 30, 50, 50, 0.4, 3, 100, 10, 500, 1000, 1000, 25
2021-06-16 04:48:40.581212, N2, N177, 400.0452036857605, 327, 300, 17.51943915689111, False, False, 10000, 100, 10000, 1000, 95, 10, 30, 50, 50, 0.4, 3, 100, 10, 500, 1000, 1000, 25
2021-06-16 04:55:20.648464, N147, N140, 345.6132609844208, 315, 300, 20.609085064041082, False, False, 10000, 100, 10000, 1000, 95, 10, 30, 50, 50, 0.4, 3, 100, 10, 500, 1000, 1000, 25
2021-06-16 05:01:06.269758, N166, N15, 327.9282007217407, 318, 300, 27.94155156978396, False, False, 10000, 100, 10000, 1000, 95, 10, 30, 50, 50, 0.4, 3, 100, 10, 500, 1000, 1000, 25
2021-06-16 05:06:34.213040, N149, N34, 371.72507071495056, 359, 300, 30.868950889809177, False, False, 10000, 100, 10000, 1000, 95, 10, 30, 50, 50, 0.4, 3, 100, 10, 500, 1000, 1000, 25
2021-06-16 05:12:45.947403, N13, N1, 337.49085211753845, 312, 300, 25.1047962239293, False, False, 10000, 100, 10000, 1000, 95, 10, 30, 50, 50, 0.4, 3, 100, 10, 500, 1000, 1000, 25
2021-06-16 05:18:23.453684, N176, N199, 353.2465720176697, 323, 300, 24.226115745257605, False, False, 10000, 100, 10000, 1000, 95, 10, 30, 50, 50, 0.4, 3, 100, 10, 500, 1000, 1000, 25
2021-06-16 05:24:16.714528, N195, N155, 364.50016045570374, 319, 300, 21.44238235498256, False, False, 10000, 100, 10000, 1000, 95, 10, 30, 50, 50, 0.4, 3, 100, 10, 500, 1000, 1000, 25
2021-06-16 05:30:21.229113, N89, N170, 404.86023902893066, 326, 300, 14.749999985823143, False, False, 10000, 100, 10000, 1000, 95, 10, 30, 50, 50, 0.4, 3, 100, 10, 500, 1000, 1000, 25
2021-06-16 05:37:06.104919, N110, N133, 350.3866901397705, 315, 300, 23.226115745257605, False, False, 10000, 100, 10000, 1000, 95, 10, 30, 50, 50, 0.4, 3, 100, 10, 500, 1000, 1000, 25
2021-06-16 05:42:56.508717, N19, N139, 342.87571358680725, 316, 300, 26.43701245430137, False, False, 10000, 100, 10000, 1000, 95, 10, 30, 50, 50, 0.4, 3, 100, 10, 500, 1000, 1000, 25
2021-06-16 05:48:39.398901, N135, N176, 374.4148368835449, 324, 300, 21.96015824080159, False, False, 10000, 100, 10000, 1000, 95, 10, 30, 50, 50, 0.4, 3, 100, 10, 500, 1000, 1000, 25
2021-06-16 05:54:53.823593, N197, N81, 376.7301199436188, 323, 300, 18.800126967210783, False, False, 10000, 100, 10000, 1000, 95, 10, 30, 50, 50, 0.4, 3, 100, 10, 500, 1000, 1000, 25
2021-06-16 06:01:10.568861, N45, N191, 356.48350048065186, 318, 300, 25.12863820120626, False, False, 10000, 100, 10000, 1000, 95, 10, 30, 50, 50, 0.4, 3, 100, 10, 500, 1000, 1000, 25
2021-06-16 06:07:07.068590, N60, N113, 381.06383061408997, 317, 300, 18.75197585537707, False, False, 10000, 100, 10000, 1000, 95, 10, 30, 50, 50, 0.4, 3, 100, 10, 500, 1000, 1000, 25
2021-06-16 06:13:28.139398, N98, N90, 334.47408413887024, 319, 300, 32.035170782810454, False, False, 10000, 100, 10000, 1000, 95, 10, 30, 50, 50, 0.4, 3, 100, 10, 500, 1000, 1000, 25
2021-06-16 06:19:02.629589, N86, N135, 355.4359164237976, 315, 300, 24.7661290350012, False, False, 10000, 100, 10000, 1000, 95, 10, 30, 50, 50, 0.4, 3, 100, 10, 500, 1000, 1000, 25
2021-06-16 06:24:58.080933, N178, N125, 103.10794305801392, 105, 100, -1.7159305540676202, True, True, 10000, 100, 10000, 1000, 95, 10, 30, 50, 50, 0.4, 3, 100, 10, 500, 1000, 1000, 25
2021-06-16 06:26:41.204453, N78, N39, 380.97521781921387, 317, 300, 18.761904237596525, False, False, 10000, 100, 10000, 1000, 95, 10, 30, 50, 50, 0.4, 3, 100, 10, 500, 1000, 1000, 25
2021-06-16 06:33:02.194462, N196, N93, 324.17975544929504, 315, 300, 26.226115745257605, False, False, 10000, 100, 10000, 1000, 95, 10, 30, 50, 50, 0.4, 3, 100, 10, 500, 1000, 1000, 25
2021-06-16 06:38:26.388519, N93, N110, 518.3087847232819, 502, 300, 22.120650645994342, False, False, 10000, 100, 10000, 1000, 95, 10, 30, 50, 50, 0.4, 3, 100, 10, 500, 1000, 1000, 25
2021-06-16 06:47:04.703453, N38, N78, 320.13154196739197, 321, 300, 23.88693745887385, False, False, 10000, 100, 10000, 1000, 95, 10, 30, 50, 50, 0.4, 3, 100, 10, 500, 1000, 1000, 25
2021-06-16 06:52:24.840424, N108, N38, 367.13883781433105, 331, 300, 17.892857095775554, False, False, 10000, 100, 10000, 1000, 95, 10, 30, 50, 50, 0.4, 3, 100, 10, 500, 1000, 1000, 25
2021-06-16 06:58:31.992289, N97, N75, 288.62340021133423, 317, 300, 26.84333602351018, False, False, 10000, 100, 10000, 1000, 95, 10, 30, 50, 50, 0.4, 3, 100, 10, 500, 1000, 1000, 25
2021-06-16 07:03:20.630785, N48, N190, 320.76059317588806, 316, 300, 21.686862841818865, False, False, 10000, 100, 10000, 1000, 95, 10, 30, 50, 50, 0.4, 3, 100, 10, 500, 1000, 1000, 25
2021-06-16 07:08:41.404658, N166, N92, 362.483681678772, 414, 300, 28.141234122934538, False, False, 10000, 100, 10000, 1000, 95, 10, 30, 50, 50, 0.4, 3, 100, 10, 500, 1000, 1000, 25
2021-06-16 07:14:43.901598, N109, N68, 292.32775688171387, 315, 300, 21.888627029232758, False, False, 10000, 100, 10000, 1000, 95, 10, 30, 50, 50, 0.4, 3, 100, 10, 500, 1000, 1000, 25
2021-06-16 07:19:36.245943, N97, N16, 291.56427931785583, 315, 300, 22.368644981245193, False, False, 10000, 100, 10000, 1000, 95, 10, 30, 50, 50, 0.4, 3, 100, 10, 500, 1000, 1000, 25
2021-06-16 07:24:27.822558, N74, N89, 311.89041352272034, 321, 300, 20.915251258135957, False, False, 10000, 100, 10000, 1000, 95, 10, 30, 50, 50, 0.4, 3, 100, 10, 500, 1000, 1000, 25
2021-06-16 07:29:39.717678, N122, N50, 275.57789278030396, 315, 300, 20.338872537428244, False, False, 10000, 100, 10000, 1000, 95, 10, 30, 50, 50, 0.4, 3, 100, 10, 500, 1000, 1000, 25
2021-06-16 07:34:15.300818, N176, N92, 251.69211769104004, 316, 300, 25.23416926133667, False, False, 10000, 100, 10000, 1000, 95, 10, 30, 50, 50, 0.4, 3, 100, 10, 500, 1000, 1000, 25
2021-06-16 07:38:27.006893, N45, N10, 268.63977241516113, 323, 300, 21.441936479036357, False, False, 10000, 100, 10000, 1000, 95, 10, 30, 50, 50, 0.4, 3, 100, 10, 500, 1000, 1000, 25
2021-06-16 07:42:55.658735, N168, N199, 253.5378499031067, 323, 300, 21.111110584773957, False, False, 10000, 100, 10000, 1000, 95, 10, 30, 50, 50, 0.4, 3, 100, 10, 500, 1000, 1000, 25
2021-06-16 07:47:09.208801, N147, N55, 262.1638171672821, 324, 300, 15.317898852103909, False, False, 10000, 100, 10000, 1000, 95, 10, 30, 50, 50, 0.4, 3, 100, 10, 500, 1000, 1000, 25
2021-06-16 07:51:31.377532, N149, N33, 233.56015276908875, 321, 300, 23.033291970743928, False, False, 10000, 100, 10000, 1000, 95, 10, 30, 50, 50, 0.4, 3, 100, 10, 500, 1000, 1000, 25
2021-06-16 07:55:24.951501, N24, N107, 231.76636219024658, 320, 300, 21.160250552652116, False, False, 10000, 100, 10000, 1000, 95, 10, 30, 50, 50, 0.4, 3, 100, 10, 500, 1000, 1000, 25
2021-06-16 07:59:16.730164, N176, N1, 231.2186369895935, 327, 300, 20.701535363764823, False, False, 10000, 100, 10000, 1000, 95, 10, 30, 50, 50, 0.4, 3, 100, 10, 500, 1000, 1000, 25
2021-06-15 22:45:17.424803, N12, N135, 435.04272842407227, 327, 300, 16.48992658259198, False, False, 10000, 100, 10000, 1000, 95, 10, 30, 50, 50, 0.4, 3, 100, 10, 500, 1000, 1000, 25
2021-06-15 22:52:32.479460, N107, N116, 341.0033755302429, 314, 300, 26.53644001963165, False, False, 10000, 100, 10000, 1000, 95, 10, 30, 50, 50, 0.4, 3, 100, 10, 500, 1000, 1000, 25
2021-06-15 22:58:13.498851, N90, N164, 346.875212430954, 313, 300, 25.88886962433805, False, False, 10000, 100, 10000, 1000, 95, 10, 30, 50, 50, 0.4, 3, 100, 10, 500, 1000, 1000, 25
2021-06-15 23:04:00.383746, N38, N98, 354.9820463657379, 321, 300, 24.3413459577379, False, False, 10000, 100, 10000, 1000, 95, 10, 30, 50, 50, 0.4, 3, 100, 10, 500, 1000, 1000, 25
2021-06-15 23:09:55.379680, N106, N46, 406.5944359302521, 326, 300, 20.354539957941174, False, False, 10000, 100, 10000, 1000, 95, 10, 30, 50, 50, 0.4, 3, 100, 10, 500, 1000, 1000, 25
2021-06-15 23:16:41.989087, N38, N191, 597.1895682811737, 559, 300, 26.35707848846822, False, False, 10000, 100, 10000, 1000, 95, 10, 30, 50, 50, 0.4, 3, 100, 10, 500, 1000, 1000, 25
2021-06-15 23:26:39.201253, N64, N170, 398.71163058280945, 326, 300, 17.98101725546905, False, False, 10000, 100, 10000, 1000, 95, 10, 30, 50, 50, 0.4, 3, 100, 10, 500, 1000, 1000, 25
2021-06-15 23:33:17.924799, N22, N118, 387.5468068122864, 326, 300, 18.63266196546134, False, False, 10000, 100, 10000, 1000, 95, 10, 30, 50, 50, 0.4, 3, 100, 10, 500, 1000, 1000, 25
2021-06-15 23:39:45.484654, N16, N67, 376.5861482620239, 315, 300, 21.36618019575036, False, False, 10000, 100, 10000, 1000, 95, 10, 30, 50, 50, 0.4, 3, 100, 10, 500, 1000, 1000, 25
2021-06-15 23:46:02.091126, N17, N43, 105.53208899497986, 106, 100, 6.870635980177404, True, True, 10000, 100, 10000, 1000, 95, 10, 30, 50, 50, 0.4, 3, 100, 10, 500, 1000, 1000, 25
2021-06-15 23:47:47.634126, N78, N135, 349.51998591423035, 316, 300, 23.878828192318565, False, False, 10000, 100, 10000, 1000, 95, 10, 30, 50, 50, 0.4, 3, 100, 10, 500, 1000, 1000, 25
2021-06-15 23:53:37.170303, N16, N44, 94.82440328598022, 100, 100, -3.089816813566858, True, True, 10000, 100, 10000, 1000, 95, 10, 30, 50, 50, 0.4, 3, 100, 10, 500, 1000, 1000, 25
2021-06-15 23:55:12.009803, N73, N20, 357.93864703178406, 317, 300, 26.217992345341592, False, False, 10000, 100, 10000, 1000, 95, 10, 30, 50, 50, 0.4, 3, 100, 10, 500, 1000, 1000, 25
2021-06-16 00:01:09.964444, N57, N147, 378.55847907066345, 318, 300, 20.409089157361432, False, False, 10000, 100, 10000, 1000, 95, 10, 30, 50, 50, 0.4, 3, 100, 10, 500, 1000, 1000, 25
2021-06-16 00:07:28.538827, N12, N126, 425.35467886924744, 333, 300, 17.908604438174603, False, False, 10000, 100, 10000, 1000, 95, 10, 30, 50, 50, 0.4, 3, 100, 10, 500, 1000, 1000, 25
2021-06-16 00:14:33.917136, N139, N181, 411.3019585609436, 318, 300, 23.888627265976513, False, False, 10000, 100, 10000, 1000, 95, 10, 30, 50, 50, 0.4, 3, 100, 10, 500, 1000, 1000, 25
2021-06-16 00:21:25.227839, N17, N33, 130.72452116012573, 113, 100, 7.224537599592321, True, True, 10000, 100, 10000, 1000, 95, 10, 30, 50, 50, 0.4, 3, 100, 10, 500, 1000, 1000, 25
2021-06-16 00:23:35.969635, N137, N133, 427.47479152679443, 339, 300, 18.65204376504502, False, False, 10000, 100, 10000, 1000, 95, 10, 30, 50, 50, 0.4, 3, 100, 10, 500, 1000, 1000, 25
2021-06-16 00:30:43.458258, N199, N38, 404.4438192844391, 319, 300, 21.685897293135834, False, False, 10000, 100, 10000, 1000, 95, 10, 30, 50, 50, 0.4, 3, 100, 10, 500, 1000, 1000, 25
2021-06-16 00:37:27.915924, N178, N12, 384.23599767684937, 316, 300, 18.790867764925956, False, False, 10000, 100, 10000, 1000, 95, 10, 30, 50, 50, 0.4, 3, 100, 10, 500, 1000, 1000, 25
2021-06-16 00:43:52.167102, N129, N74, 383.45452523231506, 322, 300, 18.771095916116003, False, False, 10000, 100, 10000, 1000, 95, 10, 30, 50, 50, 0.4, 3, 100, 10, 500, 1000, 1000, 25
2021-06-16 00:50:15.631587, N135, N41, 555.9425814151764, 455, 300, 19.509521133465007, False, False, 10000, 100, 10000, 1000, 95, 10, 30, 50, 50, 0.4, 3, 100, 10, 500, 1000, 1000, 25
2021-06-16 00:59:31.585601, N2, N48, 347.66043519973755, 317, 300, 32.95216380642165, False, False, 10000, 100, 10000, 1000, 95, 10, 30, 50, 50, 0.4, 3, 100, 10, 500, 1000, 1000, 25
2021-06-16 01:05:19.258113, N1, N49, 410.33096075057983, 324, 300, 19.3663340113541, False, False, 10000, 100, 10000, 1000, 95, 10, 30, 50, 50, 0.4, 3, 100, 10, 500, 1000, 1000, 25
2021-06-16 01:12:09.602798, N51, N106, 112.01273369789124, 106, 100, -1.026917608065913, True, True, 10000, 100, 10000, 1000, 95, 10, 30, 50, 50, 0.4, 3, 100, 10, 500, 1000, 1000, 25
2021-06-16 01:14:01.627199, N125, N85, 107.06225514411926, 102, 100, -3.1595694219068253, True, True, 10000, 100, 10000, 1000, 95, 10, 30, 50, 50, 0.4, 3, 100, 10, 500, 1000, 1000, 25
2021-06-16 01:15:48.700780, N103, N147, 475.25129532814026, 377, 300, 19.575715734596642, False, False, 10000, 100, 10000, 1000, 95, 10, 30, 50, 50, 0.4, 3, 100, 10, 500, 1000, 1000, 25
2021-06-16 01:23:43.960972, N68, N184, 409.4171552658081, 328, 300, 19.49141785571257, False, False, 10000, 100, 10000, 1000, 95, 10, 30, 50, 50, 0.4, 3, 100, 10, 500, 1000, 1000, 25
2021-06-16 01:30:33.394193, N137, N17, 399.00160670280457, 324, 300, 18.742382401263306, False, False, 10000, 100, 10000, 1000, 95, 10, 30, 50, 50, 0.4, 3, 100, 10, 500, 1000, 1000, 25
2021-06-16 01:37:12.419085, N10, N48, 390.560587644577, 325, 300, 22.07527110484127, False, False, 10000, 100, 10000, 1000, 95, 10, 30, 50, 50, 0.4, 3, 100, 10, 500, 1000, 1000, 25
2021-06-16 01:43:42.995129, N116, N159, 389.45639419555664, 316, 300, 22.15704254591608, False, False, 10000, 100, 10000, 1000, 95, 10, 30, 50, 50, 0.4, 3, 100, 10, 500, 1000, 1000, 25
2021-06-16 01:50:12.473212, N180, N78, 408.08156061172485, 317, 300, 19.523066165141653, False, False, 10000, 100, 10000, 1000, 95, 10, 30, 50, 50, 0.4, 3, 100, 10, 500, 1000, 1000, 25
2021-06-16 01:57:00.570483, N2, N183, 411.492959022522, 330, 300, 26.728195637621496, False, False, 10000, 100, 10000, 1000, 95, 10, 30, 50, 50, 0.4, 3, 100, 10, 500, 1000, 1000, 25
2021-06-16 02:03:52.078940, N158, N135, 415.9316177368164, 330, 300, 15.775634334014773, False, False, 10000, 100, 10000, 1000, 95, 10, 30, 50, 50, 0.4, 3, 100, 10, 500, 1000, 1000, 25
2021-06-16 02:10:48.019619, N165, N101, 393.15071964263916, 323, 300, 17.151514635084695, False, False, 10000, 100, 10000, 1000, 95, 10, 30, 50, 50, 0.4, 3, 100, 10, 500, 1000, 1000, 25
2021-06-16 02:17:21.184638, N25, N10, 389.08028841018677, 318, 300, 20.480642627548924, False, False, 10000, 100, 10000, 1000, 95, 10, 30, 50, 50, 0.4, 3, 100, 10, 500, 1000, 1000, 25
2021-06-16 02:23:50.280540, N62, N115, 401.68732833862305, 317, 300, 18.6533399617204, False, False, 10000, 100, 10000, 1000, 95, 10, 30, 50, 50, 0.4, 3, 100, 10, 500, 1000, 1000, 25
2021-06-16 02:30:31.983013, N28, N179, 387.4091331958771, 317, 300, 23.534868096171948, False, False, 10000, 100, 10000, 1000, 95, 10, 30, 50, 50, 0.4, 3, 100, 10, 500, 1000, 1000, 25
2021-06-16 02:36:59.401413, N2, N71, 412.6505105495453, 325, 300, 20.018880944793313, False, False, 10000, 100, 10000, 1000, 95, 10, 30, 50, 50, 0.4, 3, 100, 10, 500, 1000, 1000, 25
2021-06-16 02:43:52.069099, N103, N26, 403.49897360801697, 323, 300, 15.868125176505604, False, False, 10000, 100, 10000, 1000, 95, 10, 30, 50, 50, 0.4, 3, 100, 10, 500, 1000, 1000, 25
2021-06-16 02:50:35.589997, N106, N108, 423.3529939651489, 331, 300, 15.866828979830228, False, False, 10000, 100, 10000, 1000, 95, 10, 30, 50, 50, 0.4, 3, 100, 10, 500, 1000, 1000, 25
2021-06-16 02:57:38.951030, N98, N28, 332.5217213630676, 314, 300, 24.234159681096063, False, False, 10000, 100, 10000, 1000, 95, 10, 30, 50, 50, 0.4, 3, 100, 10, 500, 1000, 1000, 25
2021-06-16 03:03:11.490448, N19, N144, 330.1571819782257, 313, 300, 27.9582682558763, False, False, 10000, 100, 10000, 1000, 95, 10, 30, 50, 50, 0.4, 3, 100, 10, 500, 1000, 1000, 25
2021-06-16 03:08:41.662069, N159, N155, 370.66767740249634, 321, 300, 21.389734099159956, False, False, 10000, 100, 10000, 1000, 95, 10, 30, 50, 50, 0.4, 3, 100, 10, 500, 1000, 1000, 25
2021-06-16 03:14:52.348402, N44, N47, 101.47822260856628, 104, 100, -1.6248011505523048, True, True, 10000, 100, 10000, 1000, 95, 10, 30, 50, 50, 0.4, 3, 100, 10, 500, 1000, 1000, 25
2021-06-16 03:16:33.834688, N67, N179, 550.4317820072174, 522, 300, 25.372117915590717, False, False, 10000, 100, 10000, 1000, 95, 10, 30, 50, 50, 0.4, 3, 100, 10, 500, 1000, 1000, 25
2021-06-16 03:25:44.280904, N198, N185, 381.6295042037964, 322, 300, 18.80232151174737, False, False, 10000, 100, 10000, 1000, 95, 10, 30, 50, 50, 0.4, 3, 100, 10, 500, 1000, 1000, 25
2021-06-16 03:32:05.923952, N21, N129, 95.91505336761475, 102, 100, -3.3579482693132827, True, True, 10000, 100, 10000, 1000, 95, 10, 30, 50, 50, 0.4, 3, 100, 10, 500, 1000, 1000, 25
2021-06-16 03:33:41.851509, N174, N194, 363.5336682796478, 315, 300, 18.754078729095507, False, False, 10000, 100, 10000, 1000, 95, 10, 30, 50, 50, 0.4, 3, 100, 10, 500, 1000, 1000, 25
2021-06-16 03:39:45.399871, N115, N183, 370.09150409698486, 320, 300, 26.185862300157012, False, False, 10000, 100, 10000, 1000, 95, 10, 30, 50, 50, 0.4, 3, 100, 10, 500, 1000, 1000, 25
2021-06-16 03:45:55.499834, N89, N159, 402.6882255077362, 321, 300, 16.699572952339334, False, False, 10000, 100, 10000, 1000, 95, 10, 30, 50, 50, 0.4, 3, 100, 10, 500, 1000, 1000, 25
2021-06-16 03:52:38.208193, N180, N164, 386.57021713256836, 323, 300, 18.742382401263306, False, False, 10000, 100, 10000, 1000, 95, 10, 30, 50, 50, 0.4, 3, 100, 10, 500, 1000, 1000, 25
2021-06-16 03:59:04.801345, N13, N118, 347.4786424636841, 319, 300, 23.365077035517327, False, False, 10000, 100, 10000, 1000, 95, 10, 30, 50, 50, 0.4, 3, 100, 10, 500, 1000, 1000, 25
2021-06-16 04:04:52.300391, N122, N102, 377.25998282432556, 321, 300, 18.177149485529924, False, False, 10000, 100, 10000, 1000, 95, 10, 30, 50, 50, 0.4, 3, 100, 10, 500, 1000, 1000, 25
2021-06-16 04:11:09.580367, N5, N98, 331.3129770755768, 316, 300, 29.690411821801554, False, False, 10000, 100, 10000, 1000, 95, 10, 30, 50, 50, 0.4, 3, 100, 10, 500, 1000, 1000, 25
2021-06-16 04:16:40.912858, N70, N136, 360.414493560791, 319, 300, 20.771742492068313, False, False, 10000, 100, 10000, 1000, 95, 10, 30, 50, 50, 0.4, 3, 100, 10, 500, 1000, 1000, 25
2021-06-16 04:22:41.348083, N139, N152, 120.8810818195343, 114, 100, 3.3992813690370487, True, True, 10000, 100, 10000, 1000, 95, 10, 30, 50, 50, 0.4, 3, 100, 10, 500, 1000, 1000, 25
2021-06-16 04:24:42.237134, N146, N73, 393.6908206939697, 327, 300, 20.262803780055926, False, False, 10000, 100, 10000, 1000, 95, 10, 30, 50, 50, 0.4, 3, 100, 10, 500, 1000, 1000, 25
2021-06-16 04:31:15.948853, N125, N151, 363.8694398403168, 325, 300, 20.609089183540984, False, False, 10000, 100, 10000, 1000, 95, 10, 30, 50, 50, 0.4, 3, 100, 10, 500, 1000, 1000, 25
2021-06-16 04:37:19.835010, N45, N16, 366.3341727256775, 314, 300, 21.879067086292398, False, False, 10000, 100, 10000, 1000, 95, 10, 30, 50, 50, 0.4, 3, 100, 10, 500, 1000, 1000, 25
2021-06-16 04:43:26.184017, N131, N134, 120.80282974243164, 113, 100, 3.3534713712712616, True, True, 10000, 100, 10000, 1000, 95, 10, 30, 50, 50, 0.4, 3, 100, 10, 500, 1000, 1000, 25
2021-06-16 04:45:27.007905, N176, N41, 372.1035625934601, 318, 300, 18.63278372822422, False, False, 10000, 100, 10000, 1000, 95, 10, 30, 50, 50, 0.4, 3, 100, 10, 500, 1000, 1000, 25
2021-06-16 04:51:39.126886, N41, N50, 379.36475682258606, 319, 300, 17.296581761081644, False, False, 10000, 100, 10000, 1000, 95, 10, 30, 50, 50, 0.4, 3, 100, 10, 500, 1000, 1000, 25
2021-06-16 04:57:58.508065, N93, N106, 415.6476466655731, 333, 300, 18.080525333291714, False, False, 10000, 100, 10000, 1000, 95, 10, 30, 50, 50, 0.4, 3, 100, 10, 500, 1000, 1000, 25
2021-06-16 05:04:54.164221, N53, N93, 358.1460394859314, 321, 300, 21.53535178362406, False, False, 10000, 100, 10000, 1000, 95, 10, 30, 50, 50, 0.4, 3, 100, 10, 500, 1000, 1000, 25
2021-06-16 05:10:52.325749, N17, N169, 328.19169449806213, 315, 300, 32.186580478660304, False, False, 10000, 100, 10000, 1000, 95, 10, 30, 50, 50, 0.4, 3, 100, 10, 500, 1000, 1000, 25
2021-06-16 05:16:20.526177, N191, N181, 371.3444585800171, 331, 300, 20.533291492172395, False, False, 10000, 100, 10000, 1000, 95, 10, 30, 50, 50, 0.4, 3, 100, 10, 500, 1000, 1000, 25
2021-06-16 05:22:31.886274, N120, N20, 480.36856842041016, 414, 300, 20.356642831659613, False, False, 10000, 100, 10000, 1000, 95, 10, 30, 50, 50, 0.4, 3, 100, 10, 500, 1000, 1000, 25
2021-06-16 05:30:32.275356, N47, N195, 339.59204053878784, 318, 300, 21.752804460029765, False, False, 10000, 100, 10000, 1000, 95, 10, 30, 50, 50, 0.4, 3, 100, 10, 500, 1000, 1000, 25
2021-06-16 05:36:11.883673, N77, N96, 356.3949806690216, 316, 300, 21.518175973131992, False, False, 10000, 100, 10000, 1000, 95, 10, 30, 50, 50, 0.4, 3, 100, 10, 500, 1000, 1000, 25
2021-06-16 05:42:08.293721, N79, N43, 387.6956899166107, 322, 300, 15.868125176505604, False, False, 10000, 100, 10000, 1000, 95, 10, 30, 50, 50, 0.4, 3, 100, 10, 500, 1000, 1000, 25
2021-06-16 05:48:35.996254, N85, N44, 367.6574397087097, 317, 300, 21.242422516874324, False, False, 10000, 100, 10000, 1000, 95, 10, 30, 50, 50, 0.4, 3, 100, 10, 500, 1000, 1000, 25
2021-06-16 05:54:43.660953, N173, N60, 358.1260917186737, 321, 300, 21.518077192150717, False, False, 10000, 100, 10000, 1000, 95, 10, 30, 50, 50, 0.4, 3, 100, 10, 500, 1000, 1000, 25
2021-06-16 06:00:41.803131, N12, N15, 395.3599007129669, 323, 300, 18.632662651728385, False, False, 10000, 100, 10000, 1000, 95, 10, 30, 50, 50, 0.4, 3, 100, 10, 500, 1000, 1000, 25
2021-06-16 06:07:17.178053, N47, N86, 118.2677652835846, 112, 100, -0.6007245576239901, True, True, 10000, 100, 10000, 1000, 95, 10, 30, 50, 50, 0.4, 3, 100, 10, 500, 1000, 1000, 25
2021-06-16 06:09:15.461954, N57, N198, 407.75191378593445, 325, 300, 18.17618780013167, False, False, 10000, 100, 10000, 1000, 95, 10, 30, 50, 50, 0.4, 3, 100, 10, 500, 1000, 1000, 25
2021-06-16 06:16:03.229262, N154, N86, 371.00213623046875, 316, 300, 20.60898628305981, False, False, 10000, 100, 10000, 1000, 95, 10, 30, 50, 50, 0.4, 3, 100, 10, 500, 1000, 1000, 25
2021-06-16 06:22:14.239553, N67, N86, 343.45662236213684, 320, 300, 21.7717586473286, False, False, 10000, 100, 10000, 1000, 95, 10, 30, 50, 50, 0.4, 3, 100, 10, 500, 1000, 1000, 25
2021-06-16 06:27:57.706023, N148, N93, 348.1261146068573, 323, 300, 20.611639724640984, False, False, 10000, 100, 10000, 1000, 95, 10, 30, 50, 50, 0.4, 3, 100, 10, 500, 1000, 1000, 25
2021-06-16 06:33:45.847380, N92, N50, 333.5911259651184, 315, 300, 25.41403795988624, False, False, 10000, 100, 10000, 1000, 95, 10, 30, 50, 50, 0.4, 3, 100, 10, 500, 1000, 1000, 25
2021-06-16 06:39:19.453476, N70, N71, 107.48129940032959, 110, 100, -0.781234930560301, True, True, 10000, 100, 10000, 1000, 95, 10, 30, 50, 50, 0.4, 3, 100, 10, 500, 1000, 1000, 25
2021-06-16 06:41:06.949712, N68, N52, 336.38617420196533, 323, 300, 22.0757558240281, False, False, 10000, 100, 10000, 1000, 95, 10, 30, 50, 50, 0.4, 3, 100, 10, 500, 1000, 1000, 25
2021-06-16 06:46:43.349333, N79, N41, 92.10796618461609, 104, 100, -1.5269176080659133, True, True, 10000, 100, 10000, 1000, 95, 10, 30, 50, 50, 0.4, 3, 100, 10, 500, 1000, 1000, 25
2021-06-16 06:48:15.463236, N146, N163, 336.39279675483704, 316, 300, 20.809159681096062, False, False, 10000, 100, 10000, 1000, 95, 10, 30, 50, 50, 0.4, 3, 100, 10, 500, 1000, 1000, 25
2021-06-16 06:53:51.868463, N136, N190, 338.15547466278076, 322, 300, 19.70948312377783, False, False, 10000, 100, 10000, 1000, 95, 10, 30, 50, 50, 0.4, 3, 100, 10, 500, 1000, 1000, 25
2021-06-16 06:59:30.030418, N14, N197, 328.2045018672943, 317, 300, 17.909049067929974, False, False, 10000, 100, 10000, 1000, 95, 10, 30, 50, 50, 0.4, 3, 100, 10, 500, 1000, 1000, 25
2021-06-16 07:04:58.248868, N17, N175, 298.5022225379944, 315, 300, 23.589940465510416, False, False, 10000, 100, 10000, 1000, 95, 10, 30, 50, 50, 0.4, 3, 100, 10, 500, 1000, 1000, 25
2021-06-16 07:09:56.765246, N101, N114, 306.6211655139923, 315, 300, 22.14381652116576, False, False, 10000, 100, 10000, 1000, 95, 10, 30, 50, 50, 0.4, 3, 100, 10, 500, 1000, 1000, 25
2021-06-16 07:15:03.399019, N19, N78, 419.57752442359924, 462, 300, 24.62434579810045, False, False, 10000, 100, 10000, 1000, 95, 10, 30, 50, 50, 0.4, 3, 100, 10, 500, 1000, 1000, 25
2021-06-16 07:22:02.991169, N149, N32, 297.03846502304077, 316, 300, 22.159206934223707, False, False, 10000, 100, 10000, 1000, 95, 10, 30, 50, 50, 0.4, 3, 100, 10, 500, 1000, 1000, 25
2021-06-16 07:27:00.043026, N107, N101, 271.3400659561157, 317, 300, 21.686765232613514, False, False, 10000, 100, 10000, 1000, 95, 10, 30, 50, 50, 0.4, 3, 100, 10, 500, 1000, 1000, 25
2021-06-16 07:31:31.396217, N122, N55, 279.28486824035645, 322, 300, 18.687607402107293, False, False, 10000, 100, 10000, 1000, 95, 10, 30, 50, 50, 0.4, 3, 100, 10, 500, 1000, 1000, 25
2021-06-16 07:36:10.685540, N17, N137, 268.6247754096985, 316, 300, 20.340783050208906, False, False, 10000, 100, 10000, 1000, 95, 10, 30, 50, 50, 0.4, 3, 100, 10, 500, 1000, 1000, 25
2021-06-16 07:40:39.323107, N194, N140, 256.4489951133728, 316, 300, 19.86868511695739, False, False, 10000, 100, 10000, 1000, 95, 10, 30, 50, 50, 0.4, 3, 100, 10, 500, 1000, 1000, 25
2021-06-16 07:44:55.786275, N98, N36, 256.0953552722931, 319, 300, 25.123709212582753, False, False, 10000, 100, 10000, 1000, 95, 10, 30, 50, 50, 0.4, 3, 100, 10, 500, 1000, 1000, 25
2021-06-16 07:49:11.893325, N135, N1, 227.00521445274353, 315, 300, 22.427266961689984, False, False, 10000, 100, 10000, 1000, 95, 10, 30, 50, 50, 0.4, 3, 100, 10, 500, 1000, 1000, 25
2021-06-16 07:52:58.912323, N73, N50, 232.14262175559998, 317, 300, 25.685897293135834, False, False, 10000, 100, 10000, 1000, 95, 10, 30, 50, 50, 0.4, 3, 100, 10, 500, 1000, 1000, 25
2021-06-16 07:56:51.068119, N122, N71, 64.9079520702362, 104, 100, -1.0255773708490712, True, True, 10000, 100, 10000, 1000, 95, 10, 30, 50, 50, 0.4, 3, 100, 10, 500, 1000, 1000, 25
2021-06-16 07:57:55.988765, N195, N93, 233.09423160552979, 317, 300, 23.234163912839403, False, False, 10000, 100, 10000, 1000, 95, 10, 30, 50, 50, 0.4, 3, 100, 10, 500, 1000, 1000, 25
2021-06-16 08:01:49.095718, N7, N183, 207.0577895641327, 312, 300, 28.562630029740422, False, False, 10000, 100, 10000, 1000, 95, 10, 30, 50, 50, 0.4, 3, 100, 10, 500, 1000, 1000, 25
2021-06-15 22:45:18.087515, N161, N87, 534.30087018013, 453, 300, 25.958181131837254, False, False, 10000, 100, 10000, 1000, 95, 10, 30, 50, 50, 0.4, 3, 100, 10, 500, 1000, 1000, 25
2021-06-15 22:54:12.401501, N137, N89, 100.2213385105133, 103, 100, -1.5892827850854523, True, True, 10000, 100, 10000, 1000, 95, 10, 30, 50, 50, 0.4, 3, 100, 10, 500, 1000, 1000, 25
2021-06-15 22:55:52.641499, N180, N32, 97.24076223373413, 101, 100, -3.2499356954539342, True, True, 10000, 100, 10000, 1000, 95, 10, 30, 50, 50, 0.4, 3, 100, 10, 500, 1000, 1000, 25
2021-06-15 22:57:29.895589, N26, N198, 391.8933379650116, 325, 300, 17.90908917485426, False, False, 10000, 100, 10000, 1000, 95, 10, 30, 50, 50, 0.4, 3, 100, 10, 500, 1000, 1000, 25
2021-06-15 23:04:01.795740, N27, N79, 411.4042329788208, 330, 300, 16.734847420455075, False, False, 10000, 100, 10000, 1000, 95, 10, 30, 50, 50, 0.4, 3, 100, 10, 500, 1000, 1000, 25
2021-06-15 23:10:53.217191, N135, N155, 380.35965967178345, 317, 300, 21.810850338901744, False, False, 10000, 100, 10000, 1000, 95, 10, 30, 50, 50, 0.4, 3, 100, 10, 500, 1000, 1000, 25
2021-06-15 23:17:13.591556, N64, N110, 102.14659285545349, 102, 100, -3.3594310931054276, True, True, 10000, 100, 10000, 1000, 95, 10, 30, 50, 50, 0.4, 3, 100, 10, 500, 1000, 1000, 25
2021-06-15 23:18:55.763837, N55, N13, 727.3226072788239, 571, 300, 18.884066512145267, False, False, 10000, 100, 10000, 1000, 95, 10, 30, 50, 50, 0.4, 3, 100, 10, 500, 1000, 1000, 25
2021-06-15 23:31:03.102484, N147, N93, 523.0799925327301, 452, 300, 22.429030927499152, False, False, 10000, 100, 10000, 1000, 95, 10, 30, 50, 50, 0.4, 3, 100, 10, 500, 1000, 1000, 25
2021-06-15 23:39:46.191570, N107, N185, 348.4893000125885, 313, 300, 25.23585033890174, False, False, 10000, 100, 10000, 1000, 95, 10, 30, 50, 50, 0.4, 3, 100, 10, 500, 1000, 1000, 25
2021-06-15 23:45:34.701030, N152, N103, 355.6219091415405, 317, 300, 23.888869647610033, False, False, 10000, 100, 10000, 1000, 95, 10, 30, 50, 50, 0.4, 3, 100, 10, 500, 1000, 1000, 25
2021-06-15 23:51:30.344280, N20, N113, 112.68421697616577, 110, 100, -1.0624678518620418, True, True, 10000, 100, 10000, 1000, 95, 10, 30, 50, 50, 0.4, 3, 100, 10, 500, 1000, 1000, 25
2021-06-15 23:53:23.041430, N164, N129, 404.1439118385315, 325, 300, 16.559463348830242, False, False, 10000, 100, 10000, 1000, 95, 10, 30, 50, 50, 0.4, 3, 100, 10, 500, 1000, 1000, 25
2021-06-16 00:00:07.199458, N146, N185, 410.79963397979736, 328, 300, 18.68995992489453, False, False, 10000, 100, 10000, 1000, 95, 10, 30, 50, 50, 0.4, 3, 100, 10, 500, 1000, 1000, 25
2021-06-16 00:06:58.013598, N62, N134, 435.2031018733978, 335, 300, 15.225415462265557, False, False, 10000, 100, 10000, 1000, 95, 10, 30, 50, 50, 0.4, 3, 100, 10, 500, 1000, 1000, 25
2021-06-16 00:14:13.225280, N133, N62, 398.81388688087463, 322, 300, 17.90546507663298, False, False, 10000, 100, 10000, 1000, 95, 10, 30, 50, 50, 0.4, 3, 100, 10, 500, 1000, 1000, 25
2021-06-16 00:20:52.055336, N53, N67, 384.47709345817566, 323, 300, 23.03285378812126, False, False, 10000, 100, 10000, 1000, 95, 10, 30, 50, 50, 0.4, 3, 100, 10, 500, 1000, 1000, 25
2021-06-16 00:27:16.543043, N139, N152, 127.71811747550964, 117, 100, 11.399787339391546, True, True, 10000, 100, 10000, 1000, 95, 10, 30, 50, 50, 0.4, 3, 100, 10, 500, 1000, 1000, 25
2021-06-16 00:29:24.278790, N178, N199, 377.5297222137451, 320, 300, 21.241936651546084, False, False, 10000, 100, 10000, 1000, 95, 10, 30, 50, 50, 0.4, 3, 100, 10, 500, 1000, 1000, 25
2021-06-16 00:35:41.819672, N191, N197, 383.49381923675537, 319, 300, 20.457096212363684, False, False, 10000, 100, 10000, 1000, 95, 10, 30, 50, 50, 0.4, 3, 100, 10, 500, 1000, 1000, 25
2021-06-16 00:42:05.328927, N171, N50, 361.79667615890503, 320, 300, 22.589960604849672, False, False, 10000, 100, 10000, 1000, 95, 10, 30, 50, 50, 0.4, 3, 100, 10, 500, 1000, 1000, 25
2021-06-16 00:48:07.134728, N122, N38, 390.45323967933655, 321, 300, 17.151514644983752, False, False, 10000, 100, 10000, 1000, 95, 10, 30, 50, 50, 0.4, 3, 100, 10, 500, 1000, 1000, 25
2021-06-16 00:54:37.603704, N152, N48, 357.58477663993835, 319, 300, 24.34720298094336, False, False, 10000, 100, 10000, 1000, 95, 10, 30, 50, 50, 0.4, 3, 100, 10, 500, 1000, 1000, 25
2021-06-16 01:00:35.196784, N161, N78, 656.0153563022614, 632, 300, 31.891219434179053, False, False, 10000, 100, 10000, 1000, 95, 10, 30, 50, 50, 0.4, 3, 100, 10, 500, 1000, 1000, 25
2021-06-16 01:11:31.219375, N137, N68, 117.95596218109131, 110, 100, 3.2475933502430796, True, True, 10000, 100, 10000, 1000, 95, 10, 30, 50, 50, 0.4, 3, 100, 10, 500, 1000, 1000, 25
2021-06-16 01:13:29.183855, N145, N6, 409.0287570953369, 322, 300, 24.59595392262176, False, False, 10000, 100, 10000, 1000, 95, 10, 30, 50, 50, 0.4, 3, 100, 10, 500, 1000, 1000, 25
2021-06-16 01:20:18.235461, N137, N170, 444.3658275604248, 318, 300, 17.204092960783274, False, False, 10000, 100, 10000, 1000, 95, 10, 30, 50, 50, 0.4, 3, 100, 10, 500, 1000, 1000, 25
2021-06-16 01:27:42.614130, N15, N5, 554.6145231723785, 501, 300, 27.47756004633758, False, False, 10000, 100, 10000, 1000, 95, 10, 30, 50, 50, 0.4, 3, 100, 10, 500, 1000, 1000, 25
2021-06-16 01:36:57.240732, N155, N139, 366.24319553375244, 317, 300, 24.198394369562273, False, False, 10000, 100, 10000, 1000, 95, 10, 30, 50, 50, 0.4, 3, 100, 10, 500, 1000, 1000, 25
2021-06-16 01:43:03.502126, N41, N151, 239.4596335887909, 241, 100, -0.7811446359575219, True, True, 10000, 100, 10000, 1000, 95, 10, 30, 50, 50, 0.4, 3, 100, 10, 500, 1000, 1000, 25
2021-06-16 01:47:02.972111, N68, N180, 454.14197039604187, 345, 300, 19.39559763027823, False, False, 10000, 100, 10000, 1000, 95, 10, 30, 50, 50, 0.4, 3, 100, 10, 500, 1000, 1000, 25
2021-06-16 01:54:37.132783, N46, N170, 391.4431405067444, 320, 300, 19.58741208088119, False, False, 10000, 100, 10000, 1000, 95, 10, 30, 50, 50, 0.4, 3, 100, 10, 500, 1000, 1000, 25
2021-06-16 02:01:08.586332, N98, N107, 104.98095941543579, 105, 100, 2.4362427791799366, True, True, 10000, 100, 10000, 1000, 95, 10, 30, 50, 50, 0.4, 3, 100, 10, 500, 1000, 1000, 25
2021-06-16 02:02:53.576386, N158, N176, 404.83028769493103, 330, 300, 19.48655812031475, False, False, 10000, 100, 10000, 1000, 95, 10, 30, 50, 50, 0.4, 3, 100, 10, 500, 1000, 1000, 25
2021-06-16 02:09:38.421434, N133, N2, 341.42821192741394, 315, 300, 28.217993196044606, False, False, 10000, 100, 10000, 1000, 95, 10, 30, 50, 50, 0.4, 3, 100, 10, 500, 1000, 1000, 25
2021-06-16 02:15:19.862977, N152, N126, 347.7522597312927, 317, 300, 25.73545880042269, False, False, 10000, 100, 10000, 1000, 95, 10, 30, 50, 50, 0.4, 3, 100, 10, 500, 1000, 1000, 25
2021-06-16 02:21:07.631819, N33, N45, 125.6993761062622, 109, 100, 7.353358999919499, True, True, 10000, 100, 10000, 1000, 95, 10, 30, 50, 50, 0.4, 3, 100, 10, 500, 1000, 1000, 25
2021-06-16 02:23:13.338727, N135, N82, 401.98016381263733, 325, 300, 16.416422902583918, False, False, 10000, 100, 10000, 1000, 95, 10, 30, 50, 50, 0.4, 3, 100, 10, 500, 1000, 1000, 25
2021-06-16 02:29:55.329433, N110, N198, 396.80531096458435, 322, 300, 18.056776543263357, False, False, 10000, 100, 10000, 1000, 95, 10, 30, 50, 50, 0.4, 3, 100, 10, 500, 1000, 1000, 25
2021-06-16 02:36:32.148975, N93, N60, 364.1640841960907, 323, 300, 22.8825338423433, False, False, 10000, 100, 10000, 1000, 95, 10, 30, 50, 50, 0.4, 3, 100, 10, 500, 1000, 1000, 25
2021-06-16 02:42:36.335571, N158, N136, 391.878036737442, 319, 300, 18.68997617070944, False, False, 10000, 100, 10000, 1000, 95, 10, 30, 50, 50, 0.4, 3, 100, 10, 500, 1000, 1000, 25
2021-06-16 02:49:08.220863, N182, N33, 369.88089966773987, 317, 300, 21.38790976700459, False, False, 10000, 100, 10000, 1000, 95, 10, 30, 50, 50, 0.4, 3, 100, 10, 500, 1000, 1000, 25
2021-06-16 02:55:18.109512, N91, N28, 378.77634930610657, 324, 300, 19.57177810671271, False, False, 10000, 100, 10000, 1000, 95, 10, 30, 50, 50, 0.4, 3, 100, 10, 500, 1000, 1000, 25
2021-06-16 03:01:36.900713, N49, N66, 106.41906952857971, 106, 100, 2.9732035058490864, True, True, 10000, 100, 10000, 1000, 95, 10, 30, 50, 50, 0.4, 3, 100, 10, 500, 1000, 1000, 25
2021-06-16 03:03:23.336509, N74, N140, 352.498416185379, 320, 300, 27.111122065233335, False, False, 10000, 100, 10000, 1000, 95, 10, 30, 50, 50, 0.4, 3, 100, 10, 500, 1000, 1000, 25
2021-06-16 03:09:15.841146, N72, N34, 362.85247683525085, 313, 300, 26.726253556785966, False, False, 10000, 100, 10000, 1000, 95, 10, 30, 50, 50, 0.4, 3, 100, 10, 500, 1000, 1000, 25
2021-06-16 03:15:18.706865, N86, N72, 343.26201033592224, 315, 300, 25.745936022897432, False, False, 10000, 100, 10000, 1000, 95, 10, 30, 50, 50, 0.4, 3, 100, 10, 500, 1000, 1000, 25
2021-06-16 03:21:01.983588, N67, N190, 430.9053738117218, 330, 300, 14.737312184190722, False, False, 10000, 100, 10000, 1000, 95, 10, 30, 50, 50, 0.4, 3, 100, 10, 500, 1000, 1000, 25
2021-06-16 03:28:12.909331, N108, N55, 419.42897939682007, 345, 300, 16.41666616013527, False, False, 10000, 100, 10000, 1000, 95, 10, 30, 50, 50, 0.4, 3, 100, 10, 500, 1000, 1000, 25
2021-06-16 03:35:12.346260, N113, N168, 369.8374888896942, 317, 300, 20.77680247058001, False, False, 10000, 100, 10000, 1000, 95, 10, 30, 50, 50, 0.4, 3, 100, 10, 500, 1000, 1000, 25
2021-06-16 03:41:22.197773, N4, N143, 515.2982881069183, 472, 300, 23.22603827469439, False, False, 10000, 100, 10000, 1000, 95, 10, 30, 50, 50, 0.4, 3, 100, 10, 500, 1000, 1000, 25
2021-06-16 03:49:57.514783, N198, N139, 400.53795409202576, 329, 300, 18.742554499244815, False, False, 10000, 100, 10000, 1000, 95, 10, 30, 50, 50, 0.4, 3, 100, 10, 500, 1000, 1000, 25
2021-06-16 03:56:38.078459, N25, N15, 566.2711338996887, 554, 300, 29.777713478226634, False, False, 10000, 100, 10000, 1000, 95, 10, 30, 50, 50, 0.4, 3, 100, 10, 500, 1000, 1000, 25
2021-06-16 04:06:04.373489, N139, N38, 358.1728138923645, 323, 300, 22.1248957519072, False, False, 10000, 100, 10000, 1000, 95, 10, 30, 50, 50, 0.4, 3, 100, 10, 500, 1000, 1000, 25
2021-06-16 04:12:02.566392, N62, N146, 96.95753979682922, 101, 100, -3.0895471947663897, True, True, 10000, 100, 10000, 1000, 95, 10, 30, 50, 50, 0.4, 3, 100, 10, 500, 1000, 1000, 25
2021-06-16 04:13:39.538289, N79, N20, 383.23672580718994, 323, 300, 21.250100026028083, False, False, 10000, 100, 10000, 1000, 95, 10, 30, 50, 50, 0.4, 3, 100, 10, 500, 1000, 1000, 25
2021-06-16 04:20:02.784302, N33, N7, 383.0367839336395, 324, 300, 19.569619488906365, False, False, 10000, 100, 10000, 1000, 95, 10, 30, 50, 50, 0.4, 3, 100, 10, 500, 1000, 1000, 25
2021-06-16 04:26:25.842475, N166, N179, 366.23066449165344, 323, 300, 26.58595336791124, False, False, 10000, 100, 10000, 1000, 95, 10, 30, 50, 50, 0.4, 3, 100, 10, 500, 1000, 1000, 25
2021-06-16 04:32:32.090024, N151, N141, 364.77879095077515, 317, 300, 20.69842365253492, False, False, 10000, 100, 10000, 1000, 95, 10, 30, 50, 50, 0.4, 3, 100, 10, 500, 1000, 1000, 25
2021-06-16 04:38:36.877087, N98, N185, 345.70235323905945, 315, 300, 25.41342884616562, False, False, 10000, 100, 10000, 1000, 95, 10, 30, 50, 50, 0.4, 3, 100, 10, 500, 1000, 1000, 25
2021-06-16 04:44:22.589456, N50, N102, 423.3003103733063, 333, 300, 16.18174634684254, False, False, 10000, 100, 10000, 1000, 95, 10, 30, 50, 50, 0.4, 3, 100, 10, 500, 1000, 1000, 25
2021-06-16 04:51:25.910364, N164, N114, 361.70047426223755, 318, 300, 23.033115601893137, False, False, 10000, 100, 10000, 1000, 95, 10, 30, 50, 50, 0.4, 3, 100, 10, 500, 1000, 1000, 25
2021-06-16 04:57:27.628785, N85, N42, 384.9787321090698, 315, 300, 19.535164683812106, False, False, 10000, 100, 10000, 1000, 95, 10, 30, 50, 50, 0.4, 3, 100, 10, 500, 1000, 1000, 25
2021-06-16 05:03:52.623505, N145, N48, 390.41566824913025, 326, 300, 20.249443889230868, False, False, 10000, 100, 10000, 1000, 95, 10, 30, 50, 50, 0.4, 3, 100, 10, 500, 1000, 1000, 25
2021-06-16 05:10:23.046842, N135, N196, 372.33039808273315, 321, 300, 22.199998304793887, False, False, 10000, 100, 10000, 1000, 95, 10, 30, 50, 50, 0.4, 3, 100, 10, 500, 1000, 1000, 25
2021-06-16 05:16:35.396053, N113, N22, 399.7297706604004, 330, 300, 17.151498627426687, False, False, 10000, 100, 10000, 1000, 95, 10, 30, 50, 50, 0.4, 3, 100, 10, 500, 1000, 1000, 25
2021-06-16 05:23:15.142714, N166, N125, 343.8873453140259, 314, 300, 25.745936022897432, False, False, 10000, 100, 10000, 1000, 95, 10, 30, 50, 50, 0.4, 3, 100, 10, 500, 1000, 1000, 25
2021-06-16 05:28:59.045513, N66, N131, 379.00845885276794, 326, 300, 9.916666652850424, True, False, 10000, 100, 10000, 1000, 95, 10, 30, 50, 50, 0.4, 3, 100, 10, 500, 1000, 1000, 25
2021-06-16 05:35:18.068126, N101, N46, 405.43752431869507, 329, 300, 18.797612387399372, False, False, 10000, 100, 10000, 1000, 95, 10, 30, 50, 50, 0.4, 3, 100, 10, 500, 1000, 1000, 25
2021-06-16 05:42:03.520065, N52, N39, 394.4722955226898, 327, 300, 17.981017258016433, False, False, 10000, 100, 10000, 1000, 95, 10, 30, 50, 50, 0.4, 3, 100, 10, 500, 1000, 1000, 25
2021-06-16 05:48:37.999587, N151, N98, 354.23688888549805, 326, 300, 26.23585033890174, False, False, 10000, 100, 10000, 1000, 95, 10, 30, 50, 50, 0.4, 3, 100, 10, 500, 1000, 1000, 25
2021-06-16 05:54:32.256906, N2, N26, 360.15764355659485, 322, 300, 24.201535535333775, False, False, 10000, 100, 10000, 1000, 95, 10, 30, 50, 50, 0.4, 3, 100, 10, 500, 1000, 1000, 25
2021-06-16 06:00:32.430012, N83, N158, 419.77377367019653, 331, 300, 14.604395557841693, False, False, 10000, 100, 10000, 1000, 95, 10, 30, 50, 50, 0.4, 3, 100, 10, 500, 1000, 1000, 25
2021-06-16 06:07:32.219464, N25, N182, 367.9116759300232, 323, 300, 20.880325115259723, False, False, 10000, 100, 10000, 1000, 95, 10, 30, 50, 50, 0.4, 3, 100, 10, 500, 1000, 1000, 25
2021-06-16 06:13:40.148275, N123, N161, 377.9743926525116, 320, 300, 20.898656744366857, False, False, 10000, 100, 10000, 1000, 95, 10, 30, 50, 50, 0.4, 3, 100, 10, 500, 1000, 1000, 25
2021-06-16 06:19:58.129697, N154, N27, 361.43829679489136, 316, 300, 21.327221621599765, False, False, 10000, 100, 10000, 1000, 95, 10, 30, 50, 50, 0.4, 3, 100, 10, 500, 1000, 1000, 25
2021-06-16 06:25:59.582401, N60, N98, 342.78769755363464, 319, 300, 23.18803367243538, False, False, 10000, 100, 10000, 1000, 95, 10, 30, 50, 50, 0.4, 3, 100, 10, 500, 1000, 1000, 25
2021-06-16 06:31:42.383167, N173, N136, 346.8112299442291, 317, 300, 23.59585605839954, False, False, 10000, 100, 10000, 1000, 95, 10, 30, 50, 50, 0.4, 3, 100, 10, 500, 1000, 1000, 25
2021-06-16 06:37:29.210271, N158, N39, 93.54287958145142, 102, 100, -3.2499356954539342, True, True, 10000, 100, 10000, 1000, 95, 10, 30, 50, 50, 0.4, 3, 100, 10, 500, 1000, 1000, 25
2021-06-16 06:39:02.768934, N6, N75, 337.4740812778473, 319, 300, 21.518077023782674, False, False, 10000, 100, 10000, 1000, 95, 10, 30, 50, 50, 0.4, 3, 100, 10, 500, 1000, 1000, 25
2021-06-16 06:44:40.257636, N135, N116, 333.8931293487549, 318, 300, 21.878836682471093, False, False, 10000, 100, 10000, 1000, 95, 10, 30, 50, 50, 0.4, 3, 100, 10, 500, 1000, 1000, 25
2021-06-16 06:50:14.165736, N152, N75, 307.6840102672577, 315, 300, 27.347629952999014, False, False, 10000, 100, 10000, 1000, 95, 10, 30, 50, 50, 0.4, 3, 100, 10, 500, 1000, 1000, 25
2021-06-16 06:55:21.868746, N73, N169, 300.66728472709656, 317, 300, 34.35649410569361, False, False, 10000, 100, 10000, 1000, 95, 10, 30, 50, 50, 0.4, 3, 100, 10, 500, 1000, 1000, 25
2021-06-16 07:00:22.542647, N55, N58, 360.4510271549225, 322, 300, 15.15255344213324, False, False, 10000, 100, 10000, 1000, 95, 10, 30, 50, 50, 0.4, 3, 100, 10, 500, 1000, 1000, 25
2021-06-16 07:06:23.007928, N106, N146, 357.5562815666199, 329, 300, 15.994638191516739, False, False, 10000, 100, 10000, 1000, 95, 10, 30, 50, 50, 0.4, 3, 100, 10, 500, 1000, 1000, 25
2021-06-16 07:12:20.578415, N53, N198, 340.8605959415436, 332, 300, 19.43131863514826, False, False, 10000, 100, 10000, 1000, 95, 10, 30, 50, 50, 0.4, 3, 100, 10, 500, 1000, 1000, 25
2021-06-16 07:18:01.444335, N167, N68, 330.5838632583618, 315, 300, 21.649555989313914, False, False, 10000, 100, 10000, 1000, 95, 10, 30, 50, 50, 0.4, 3, 100, 10, 500, 1000, 1000, 25
2021-06-16 07:23:32.040378, N116, N82, 320.1170701980591, 317, 300, 19.60572090009904, False, False, 10000, 100, 10000, 1000, 95, 10, 30, 50, 50, 0.4, 3, 100, 10, 500, 1000, 1000, 25
2021-06-16 07:28:52.172314, N116, N2, 249.6943395137787, 315, 300, 28.208201761836172, False, False, 10000, 100, 10000, 1000, 95, 10, 30, 50, 50, 0.4, 3, 100, 10, 500, 1000, 1000, 25
2021-06-16 07:33:01.878684, N185, N13, 81.05148363113403, 105, 100, -1.6295722208826655, True, True, 10000, 100, 10000, 1000, 95, 10, 30, 50, 50, 0.4, 3, 100, 10, 500, 1000, 1000, 25
2021-06-16 07:34:22.943426, N89, N41, 298.49313616752625, 326, 300, 15.775521532211846, False, False, 10000, 100, 10000, 1000, 95, 10, 30, 50, 50, 0.4, 3, 100, 10, 500, 1000, 1000, 25
2021-06-16 07:39:21.460165, N159, N109, 288.09032464027405, 332, 300, 20.200844697872288, False, False, 10000, 100, 10000, 1000, 95, 10, 30, 50, 50, 0.4, 3, 100, 10, 500, 1000, 1000, 25
2021-06-16 07:44:09.555268, N15, N147, 248.18637084960938, 320, 300, 24.505044713087454, False, False, 10000, 100, 10000, 1000, 95, 10, 30, 50, 50, 0.4, 3, 100, 10, 500, 1000, 1000, 25
2021-06-16 07:48:17.753797, N133, N10, 253.81877541542053, 325, 300, 22.76578347131587, False, False, 10000, 100, 10000, 1000, 95, 10, 30, 50, 50, 0.4, 3, 100, 10, 500, 1000, 1000, 25
2021-06-16 07:52:31.585455, N164, N2, 234.44554996490479, 316, 300, 25.347203235290824, False, False, 10000, 100, 10000, 1000, 95, 10, 30, 50, 50, 0.4, 3, 100, 10, 500, 1000, 1000, 25
2021-06-16 07:56:26.044634, N32, N169, 253.73054122924805, 323, 300, 18.724115210276228, False, False, 10000, 100, 10000, 1000, 95, 10, 30, 50, 50, 0.4, 3, 100, 10, 500, 1000, 1000, 25
2021-06-16 08:00:39.781130, N79, N184, 255.28676748275757, 328, 300, 17.14934570708248, False, False, 10000, 100, 10000, 1000, 95, 10, 30, 50, 50, 0.4, 3, 100, 10, 500, 1000, 1000, 25
2021-06-16 08:04:55.081509, N177, N96, 222.57906770706177, 320, 300, 19.57571566052512, False, False, 10000, 100, 10000, 1000, 95, 10, 30, 50, 50, 0.4, 3, 100, 10, 500, 1000, 1000, 25
2021-06-16 08:08:37.673217, N145, N190, 62.45324492454529, 106, 100, 2.968855364042478, True, True, 10000, 100, 10000, 1000, 95, 10, 30, 50, 50, 0.4, 3, 100, 10, 500, 1000, 1000, 25
2021-06-16 08:09:40.139976, N79, N5, 229.64601469039917, 315, 300, 18.74193957573781, False, False, 10000, 100, 10000, 1000, 95, 10, 30, 50, 50, 0.4, 3, 100, 10, 500, 1000, 1000, 25
2021-06-15 22:45:18.810359, N178, N27, 517.3017225265503, 422, 300, 20.707331042499206, False, False, 10000, 100, 10000, 1000, 95, 10, 30, 50, 50, 0.4, 3, 100, 10, 500, 1000, 1000, 25
2021-06-15 22:53:56.123596, N103, N57, 373.3274886608124, 325, 300, 20.880106813200022, False, False, 10000, 100, 10000, 1000, 95, 10, 30, 50, 50, 0.4, 3, 100, 10, 500, 1000, 1000, 25
2021-06-15 23:00:09.465412, N134, N144, 398.43998622894287, 323, 300, 20.340790573883773, False, False, 10000, 100, 10000, 1000, 95, 10, 30, 50, 50, 0.4, 3, 100, 10, 500, 1000, 1000, 25
2021-06-15 23:06:47.920696, N191, N112, 156.41753888130188, 146, 100, -1.0023966516278344, True, True, 10000, 100, 10000, 1000, 95, 10, 30, 50, 50, 0.4, 3, 100, 10, 500, 1000, 1000, 25
2021-06-15 23:09:24.353292, N104, N65, 386.63742566108704, 321, 300, 20.77767535975597, False, False, 10000, 100, 10000, 1000, 95, 10, 30, 50, 50, 0.4, 3, 100, 10, 500, 1000, 1000, 25
2021-06-15 23:15:51.005021, N16, N50, 376.83680963516235, 316, 300, 22.629273650766883, False, False, 10000, 100, 10000, 1000, 95, 10, 30, 50, 50, 0.4, 3, 100, 10, 500, 1000, 1000, 25
2021-06-15 23:22:07.850887, N174, N141, 379.02914667129517, 321, 300, 21.686862916638475, False, False, 10000, 100, 10000, 1000, 95, 10, 30, 50, 50, 0.4, 3, 100, 10, 500, 1000, 1000, 25
2021-06-15 23:28:26.898515, N83, N36, 100.54470443725586, 102, 100, 0.6009405144694538, True, True, 10000, 100, 10000, 1000, 95, 10, 30, 50, 50, 0.4, 3, 100, 10, 500, 1000, 1000, 25
2021-06-15 23:30:07.460207, N115, N73, 457.7167682647705, 418, 300, 28.141227022233448, False, False, 10000, 100, 10000, 1000, 95, 10, 30, 50, 50, 0.4, 3, 100, 10, 500, 1000, 1000, 25
2021-06-15 23:37:45.198596, N79, N81, 392.17864418029785, 322, 300, 19.571778239654986, False, False, 10000, 100, 10000, 1000, 95, 10, 30, 50, 50, 0.4, 3, 100, 10, 500, 1000, 1000, 25
2021-06-15 23:44:17.392288, N33, N52, 375.59461665153503, 320, 300, 21.389741622834823, False, False, 10000, 100, 10000, 1000, 95, 10, 30, 50, 50, 0.4, 3, 100, 10, 500, 1000, 1000, 25
2021-06-15 23:50:33.004402, N179, N170, 391.5969042778015, 324, 300, 21.184254021163273, False, False, 10000, 100, 10000, 1000, 95, 10, 30, 50, 50, 0.4, 3, 100, 10, 500, 1000, 1000, 25
2021-06-15 23:57:04.620724, N108, N91, 420.93826627731323, 319, 300, 18.74242250818759, False, False, 10000, 100, 10000, 1000, 95, 10, 30, 50, 50, 0.4, 3, 100, 10, 500, 1000, 1000, 25
2021-06-16 00:04:05.581036, N43, N17, 117.27873492240906, 105, 100, 6.870545790548243, True, True, 10000, 100, 10000, 1000, 95, 10, 30, 50, 50, 0.4, 3, 100, 10, 500, 1000, 1000, 25
2021-06-16 00:06:02.879403, N5, N50, 398.30280017852783, 321, 300, 21.29086748045534, False, False, 10000, 100, 10000, 1000, 95, 10, 30, 50, 50, 0.4, 3, 100, 10, 500, 1000, 1000, 25
2021-06-16 00:12:41.202662, N47, N113, 446.31666016578674, 323, 300, 18.689960057836807, False, False, 10000, 100, 10000, 1000, 95, 10, 30, 50, 50, 0.4, 3, 100, 10, 500, 1000, 1000, 25
2021-06-16 00:20:07.528170, N57, N195, 401.08351731300354, 323, 300, 22.878979208090477, False, False, 10000, 100, 10000, 1000, 95, 10, 30, 50, 50, 0.4, 3, 100, 10, 500, 1000, 1000, 25
2021-06-16 00:26:48.631858, N147, N182, 400.4745147228241, 332, 300, 20.478729556953613, False, False, 10000, 100, 10000, 1000, 95, 10, 30, 50, 50, 0.4, 3, 100, 10, 500, 1000, 1000, 25
2021-06-16 00:33:29.115239, N155, N48, 351.1118199825287, 316, 300, 26.1652999389551, False, False, 10000, 100, 10000, 1000, 95, 10, 30, 50, 50, 0.4, 3, 100, 10, 500, 1000, 1000, 25
2021-06-16 00:39:20.242701, N109, N114, 404.28253984451294, 327, 300, 19.476729266309064, False, False, 10000, 100, 10000, 1000, 95, 10, 30, 50, 50, 0.4, 3, 100, 10, 500, 1000, 1000, 25
2021-06-16 00:46:04.535020, N181, N170, 383.6331219673157, 324, 300, 18.741936910206658, False, False, 10000, 100, 10000, 1000, 95, 10, 30, 50, 50, 0.4, 3, 100, 10, 500, 1000, 1000, 25
2021-06-16 00:52:28.185137, N101, N131, 393.11211347579956, 324, 300, 18.724123907217116, False, False, 10000, 100, 10000, 1000, 95, 10, 30, 50, 50, 0.4, 3, 100, 10, 500, 1000, 1000, 25
2021-06-16 00:59:01.307080, N85, N118, 368.2078697681427, 314, 300, 22.427170309250915, False, False, 10000, 100, 10000, 1000, 95, 10, 30, 50, 50, 0.4, 3, 100, 10, 500, 1000, 1000, 25
2021-06-16 01:05:09.529164, N21, N175, 404.8526077270508, 317, 300, 17.920729610832346, False, False, 10000, 100, 10000, 1000, 95, 10, 30, 50, 50, 0.4, 3, 100, 10, 500, 1000, 1000, 25
2021-06-16 01:11:54.395818, N60, N48, 396.81700015068054, 322, 300, 23.791666652900442, False, False, 10000, 100, 10000, 1000, 95, 10, 30, 50, 50, 0.4, 3, 100, 10, 500, 1000, 1000, 25
2021-06-16 01:18:31.220638, N159, N171, 371.6243829727173, 320, 300, 20.6495721303054, False, False, 10000, 100, 10000, 1000, 95, 10, 30, 50, 50, 0.4, 3, 100, 10, 500, 1000, 1000, 25
2021-06-16 01:24:42.854531, N60, N67, 101.54647731781006, 102, 100, -1.749911583381582, True, True, 10000, 100, 10000, 1000, 95, 10, 30, 50, 50, 0.4, 3, 100, 10, 500, 1000, 1000, 25
2021-06-16 01:26:24.410505, N158, N82, 420.65362763404846, 324, 300, 17.366297729136612, False, False, 10000, 100, 10000, 1000, 95, 10, 30, 50, 50, 0.4, 3, 100, 10, 500, 1000, 1000, 25
2021-06-16 01:33:25.078336, N67, N60, 100.64398956298828, 103, 100, -1.5895856869242457, True, True, 10000, 100, 10000, 1000, 95, 10, 30, 50, 50, 0.4, 3, 100, 10, 500, 1000, 1000, 25
2021-06-16 01:35:05.737522, N91, N60, 375.1917688846588, 318, 300, 22.680869695758766, False, False, 10000, 100, 10000, 1000, 95, 10, 30, 50, 50, 0.4, 3, 100, 10, 500, 1000, 1000, 25
2021-06-16 01:41:20.934951, N66, N120, 440.5966114997864, 332, 300, 16.092036192665848, False, False, 10000, 100, 10000, 1000, 95, 10, 30, 50, 50, 0.4, 3, 100, 10, 500, 1000, 1000, 25
2021-06-16 01:48:41.546687, N194, N2, 395.68436884880066, 319, 300, 19.569675819753485, False, False, 10000, 100, 10000, 1000, 95, 10, 30, 50, 50, 0.4, 3, 100, 10, 500, 1000, 1000, 25
2021-06-16 01:55:17.251479, N54, N109, 697.9848597049713, 608, 300, 23.98544651240792, False, False, 10000, 100, 10000, 1000, 95, 10, 30, 50, 50, 0.4, 3, 100, 10, 500, 1000, 1000, 25
2021-06-16 02:06:55.244530, N54, N143, 381.4969003200531, 327, 300, 22.595857177937788, False, False, 10000, 100, 10000, 1000, 95, 10, 30, 50, 50, 0.4, 3, 100, 10, 500, 1000, 1000, 25
2021-06-16 02:13:16.757691, N135, N93, 349.5785276889801, 314, 300, 25.236091767248258, False, False, 10000, 100, 10000, 1000, 95, 10, 30, 50, 50, 0.4, 3, 100, 10, 500, 1000, 1000, 25
2021-06-16 02:19:06.347008, N6, N148, 693.9348039627075, 543, 300, 18.587298950137846, False, False, 10000, 100, 10000, 1000, 95, 10, 30, 50, 50, 0.4, 3, 100, 10, 500, 1000, 1000, 25
2021-06-16 02:30:40.300752, N68, N104, 385.93086767196655, 322, 300, 20.608619288672088, False, False, 10000, 100, 10000, 1000, 95, 10, 30, 50, 50, 0.4, 3, 100, 10, 500, 1000, 1000, 25
2021-06-16 02:37:06.246099, N69, N109, 352.12861132621765, 319, 300, 23.235150445318613, False, False, 10000, 100, 10000, 1000, 95, 10, 30, 50, 50, 0.4, 3, 100, 10, 500, 1000, 1000, 25
2021-06-16 02:42:58.390942, N165, N48, 1060.5536634922028, 924, 300, 22.427170309250915, False, False, 10000, 100, 10000, 1000, 95, 10, 30, 50, 50, 0.4, 3, 100, 10, 500, 1000, 1000, 25
2021-06-16 03:00:38.960826, N174, N2, 342.0963988304138, 315, 300, 25.23421268392216, False, False, 10000, 100, 10000, 1000, 95, 10, 30, 50, 50, 0.4, 3, 100, 10, 500, 1000, 1000, 25
2021-06-16 03:06:21.073030, N139, N162, 399.07989025115967, 324, 300, 19.34694780710347, False, False, 10000, 100, 10000, 1000, 95, 10, 30, 50, 50, 0.4, 3, 100, 10, 500, 1000, 1000, 25
2021-06-16 03:13:00.169330, N164, N115, 350.5139322280884, 316, 300, 25.886938870362368, False, False, 10000, 100, 10000, 1000, 95, 10, 30, 50, 50, 0.4, 3, 100, 10, 500, 1000, 1000, 25
2021-06-16 03:18:50.722471, N94, N52, 376.4421818256378, 318, 300, 21.87282057156009, False, False, 10000, 100, 10000, 1000, 95, 10, 30, 50, 50, 0.4, 3, 100, 10, 500, 1000, 1000, 25
2021-06-16 03:25:07.178796, N145, N79, 414.6239848136902, 326, 300, 19.431318635009152, False, False, 10000, 100, 10000, 1000, 95, 10, 30, 50, 50, 0.4, 3, 100, 10, 500, 1000, 1000, 25
2021-06-16 03:32:01.825742, N116, N136, 378.29511737823486, 323, 300, 18.942423728319294, False, False, 10000, 100, 10000, 1000, 95, 10, 30, 50, 50, 0.4, 3, 100, 10, 500, 1000, 1000, 25
2021-06-16 03:38:20.137231, N13, N158, 404.72914385795593, 328, 300, 16.509140877017618, False, False, 10000, 100, 10000, 1000, 95, 10, 30, 50, 50, 0.4, 3, 100, 10, 500, 1000, 1000, 25
2021-06-16 03:45:04.881825, N165, N113, 399.40613174438477, 325, 300, 20.262585445678653, False, False, 10000, 100, 10000, 1000, 95, 10, 30, 50, 50, 0.4, 3, 100, 10, 500, 1000, 1000, 25
2021-06-16 03:51:44.304706, N55, N152, 383.59869265556335, 324, 300, 18.790421758691505, False, False, 10000, 100, 10000, 1000, 95, 10, 30, 50, 50, 0.4, 3, 100, 10, 500, 1000, 1000, 25
2021-06-16 03:58:07.918835, N173, N123, 382.9651436805725, 321, 300, 20.457574030495763, False, False, 10000, 100, 10000, 1000, 95, 10, 30, 50, 50, 0.4, 3, 100, 10, 500, 1000, 1000, 25
2021-06-16 04:04:30.891509, N133, N106, 392.8360905647278, 323, 300, 18.724358460254034, False, False, 10000, 100, 10000, 1000, 95, 10, 30, 50, 50, 0.4, 3, 100, 10, 500, 1000, 1000, 25
2021-06-16 04:11:03.742422, N183, N163, 371.3123972415924, 320, 300, 25.43888456933535, False, False, 10000, 100, 10000, 1000, 95, 10, 30, 50, 50, 0.4, 3, 100, 10, 500, 1000, 1000, 25
2021-06-16 04:17:15.061946, N19, N39, 410.0636384487152, 325, 300, 19.32875453244505, False, False, 10000, 100, 10000, 1000, 95, 10, 30, 50, 50, 0.4, 3, 100, 10, 500, 1000, 1000, 25
2021-06-16 04:24:05.134667, N86, N21, 378.74638080596924, 326, 300, 20.60309191798098, False, False, 10000, 100, 10000, 1000, 95, 10, 30, 50, 50, 0.4, 3, 100, 10, 500, 1000, 1000, 25
2021-06-16 04:30:23.899214, N50, N17, 359.8448414802551, 322, 300, 24.87901231727852, False, False, 10000, 100, 10000, 1000, 95, 10, 30, 50, 50, 0.4, 3, 100, 10, 500, 1000, 1000, 25
2021-06-16 04:36:23.759846, N48, N91, 123.83527302742004, 113, 100, 3.372441899484721, True, True, 10000, 100, 10000, 1000, 95, 10, 30, 50, 50, 0.4, 3, 100, 10, 500, 1000, 1000, 25
2021-06-16 04:38:27.611198, N22, N51, 106.38193774223328, 106, 100, -1.0635496137036744, True, True, 10000, 100, 10000, 1000, 95, 10, 30, 50, 50, 0.4, 3, 100, 10, 500, 1000, 1000, 25
2021-06-16 04:40:14.008184, N71, N49, 394.8955318927765, 321, 300, 16.032192019042103, False, False, 10000, 100, 10000, 1000, 95, 10, 30, 50, 50, 0.4, 3, 100, 10, 500, 1000, 1000, 25
2021-06-16 04:46:48.917330, N71, N66, 407.41327261924744, 328, 300, 17.25903801572833, False, False, 10000, 100, 10000, 1000, 95, 10, 30, 50, 50, 0.4, 3, 100, 10, 500, 1000, 1000, 25
2021-06-16 04:53:36.354296, N129, N70, 104.08226752281189, 104, 100, -1.215817736177094, True, True, 10000, 100, 10000, 1000, 95, 10, 30, 50, 50, 0.4, 3, 100, 10, 500, 1000, 1000, 25
2021-06-16 04:55:20.454095, N140, N79, 381.5904469490051, 324, 300, 19.456840213530526, False, False, 10000, 100, 10000, 1000, 95, 10, 30, 50, 50, 0.4, 3, 100, 10, 500, 1000, 1000, 25
2021-06-16 05:01:42.061205, N71, N113, 407.35405015945435, 322, 300, 17.224768576732426, False, False, 10000, 100, 10000, 1000, 95, 10, 30, 50, 50, 0.4, 3, 100, 10, 500, 1000, 1000, 25
2021-06-16 05:08:29.431896, N149, N110, 364.28864789009094, 319, 300, 20.60309191798098, False, False, 10000, 100, 10000, 1000, 95, 10, 30, 50, 50, 0.4, 3, 100, 10, 500, 1000, 1000, 25
2021-06-16 05:14:33.728296, N137, N177, 96.48992037773132, 101, 100, -3.2499115833815817, True, True, 10000, 100, 10000, 1000, 95, 10, 30, 50, 50, 0.4, 3, 100, 10, 500, 1000, 1000, 25
2021-06-16 05:16:10.233462, N82, N166, 710.3379905223846, 600, 300, 19.897388312140194, False, False, 10000, 100, 10000, 1000, 95, 10, 30, 50, 50, 0.4, 3, 100, 10, 500, 1000, 1000, 25
2021-06-16 05:28:00.586726, N147, N64, 106.76808881759644, 104, 100, -1.0080109482898296, True, True, 10000, 100, 10000, 1000, 95, 10, 30, 50, 50, 0.4, 3, 100, 10, 500, 1000, 1000, 25
2021-06-16 05:29:47.363826, N120, N101, 380.2048945426941, 316, 300, 19.521140578877354, False, False, 10000, 100, 10000, 1000, 95, 10, 30, 50, 50, 0.4, 3, 100, 10, 500, 1000, 1000, 25
2021-06-16 05:36:07.583248, N149, N154, 377.0664370059967, 325, 300, 21.777772007547565, False, False, 10000, 100, 10000, 1000, 95, 10, 30, 50, 50, 0.4, 3, 100, 10, 500, 1000, 1000, 25
2021-06-16 05:42:24.663839, N87, N159, 391.12780475616455, 326, 300, 19.523309509205077, False, False, 10000, 100, 10000, 1000, 95, 10, 30, 50, 50, 0.4, 3, 100, 10, 500, 1000, 1000, 25
2021-06-16 05:48:55.806932, N44, N123, 386.1987638473511, 329, 300, 20.457574030495763, False, False, 10000, 100, 10000, 1000, 95, 10, 30, 50, 50, 0.4, 3, 100, 10, 500, 1000, 1000, 25
2021-06-16 05:55:22.026922, N46, N168, 339.3328058719635, 319, 300, 30.843413365659643, False, False, 10000, 100, 10000, 1000, 95, 10, 30, 50, 50, 0.4, 3, 100, 10, 500, 1000, 1000, 25
2021-06-16 06:01:01.368718, N174, N69, 369.77963948249817, 325, 300, 21.5181760479516, False, False, 10000, 100, 10000, 1000, 95, 10, 30, 50, 50, 0.4, 3, 100, 10, 500, 1000, 1000, 25
2021-06-16 06:07:11.162835, N41, N49, 100.24851822853088, 104, 100, -1.5896530681031003, True, True, 10000, 100, 10000, 1000, 95, 10, 30, 50, 50, 0.4, 3, 100, 10, 500, 1000, 1000, 25
2021-06-16 06:08:51.426395, N159, N7, 380.49753046035767, 323, 300, 19.587412073307643, False, False, 10000, 100, 10000, 1000, 95, 10, 30, 50, 50, 0.4, 3, 100, 10, 500, 1000, 1000, 25
2021-06-16 06:15:11.936944, N178, N163, 361.67811036109924, 324, 300, 21.68676626884688, False, False, 10000, 100, 10000, 1000, 95, 10, 30, 50, 50, 0.4, 3, 100, 10, 500, 1000, 1000, 25
2021-06-16 06:21:13.622697, N15, N81, 333.8043723106384, 318, 300, 27.346965573713614, False, False, 10000, 100, 10000, 1000, 95, 10, 30, 50, 50, 0.4, 3, 100, 10, 500, 1000, 1000, 25
2021-06-16 06:26:47.440924, N185, N167, 344.0138761997223, 321, 300, 23.235851939079176, False, False, 10000, 100, 10000, 1000, 95, 10, 30, 50, 50, 0.4, 3, 100, 10, 500, 1000, 1000, 25
2021-06-16 06:32:31.468284, N49, N71, 383.0967311859131, 322, 300, 15.774339725205962, False, False, 10000, 100, 10000, 1000, 95, 10, 30, 50, 50, 0.4, 3, 100, 10, 500, 1000, 1000, 25
2021-06-16 06:38:54.570475, N15, N32, 348.71119952201843, 318, 300, 22.124240705816554, False, False, 10000, 100, 10000, 1000, 95, 10, 30, 50, 50, 0.4, 3, 100, 10, 500, 1000, 1000, 25
2021-06-16 06:44:43.296365, N169, N31, 308.66936898231506, 315, 300, 26.337345650611844, False, False, 10000, 100, 10000, 1000, 95, 10, 30, 50, 50, 0.4, 3, 100, 10, 500, 1000, 1000, 25
2021-06-16 06:49:51.978707, N162, N14, 364.414696931839, 327, 300, 18.709164289615074, False, False, 10000, 100, 10000, 1000, 95, 10, 30, 50, 50, 0.4, 3, 100, 10, 500, 1000, 1000, 25
2021-06-16 06:55:56.406957, N147, N19, 335.220725774765, 323, 300, 20.559645394813565, False, False, 10000, 100, 10000, 1000, 95, 10, 30, 50, 50, 0.4, 3, 100, 10, 500, 1000, 1000, 25
2021-06-16 07:01:31.642994, N58, N176, 372.015762090683, 330, 300, 15.27105967373343, False, False, 10000, 100, 10000, 1000, 95, 10, 30, 50, 50, 0.4, 3, 100, 10, 500, 1000, 1000, 25
2021-06-16 07:07:43.671820, N163, N91, 329.33318066596985, 321, 300, 24.427342910766406, False, False, 10000, 100, 10000, 1000, 95, 10, 30, 50, 50, 0.4, 3, 100, 10, 500, 1000, 1000, 25
2021-06-16 07:13:13.019259, N24, N190, 325.75479769706726, 320, 300, 15.95420580616965, False, False, 10000, 100, 10000, 1000, 95, 10, 30, 50, 50, 0.4, 3, 100, 10, 500, 1000, 1000, 25
2021-06-16 07:18:38.787427, N149, N154, 333.0577790737152, 319, 300, 20.341025121758385, False, False, 10000, 100, 10000, 1000, 95, 10, 30, 50, 50, 0.4, 3, 100, 10, 500, 1000, 1000, 25
2021-06-16 07:24:11.857968, N94, N113, 318.99104928970337, 326, 300, 19.459206942277426, False, False, 10000, 100, 10000, 1000, 95, 10, 30, 50, 50, 0.4, 3, 100, 10, 500, 1000, 1000, 25
2021-06-16 07:29:30.862638, N177, N71, 95.23704481124878, 115, 100, 7.219239270109308, True, True, 10000, 100, 10000, 1000, 95, 10, 30, 50, 50, 0.4, 3, 100, 10, 500, 1000, 1000, 25
2021-06-16 07:31:06.114242, N173, N106, 280.27481031417847, 314, 300, 17.20421230040664, False, False, 10000, 100, 10000, 1000, 95, 10, 30, 50, 50, 0.4, 3, 100, 10, 500, 1000, 1000, 25
2021-06-16 07:35:46.393008, N73, N184, 250.63424515724182, 317, 300, 24.235850669066075, False, False, 10000, 100, 10000, 1000, 95, 10, 30, 50, 50, 0.4, 3, 100, 10, 500, 1000, 1000, 25
2021-06-16 07:39:57.031612, N20, N28, 244.1597068309784, 316, 300, 24.878882660840535, False, False, 10000, 100, 10000, 1000, 95, 10, 30, 50, 50, 0.4, 3, 100, 10, 500, 1000, 1000, 25
2021-06-16 07:44:01.205038, N198, N68, 287.72244238853455, 335, 300, 15.89279625864329, False, False, 10000, 100, 10000, 1000, 95, 10, 30, 50, 50, 0.4, 3, 100, 10, 500, 1000, 1000, 25
2021-06-16 07:48:48.940118, N89, N199, 255.08810448646545, 317, 300, 18.98642525131432, False, False, 10000, 100, 10000, 1000, 95, 10, 30, 50, 50, 0.4, 3, 100, 10, 500, 1000, 1000, 25
2021-06-16 07:53:04.041341, N199, N66, 70.87419033050537, 105, 100, -1.1284440154694735, True, True, 10000, 100, 10000, 1000, 95, 10, 30, 50, 50, 0.4, 3, 100, 10, 500, 1000, 1000, 25
2021-06-16 07:54:14.928460, N190, N143, 245.41398239135742, 319, 300, 17.905474150793097, False, False, 10000, 100, 10000, 1000, 95, 10, 30, 50, 50, 0.4, 3, 100, 10, 500, 1000, 1000, 25
2021-06-16 07:58:20.354012, N48, N174, 246.06398582458496, 326, 300, 21.43888456933535, False, False, 10000, 100, 10000, 1000, 95, 10, 30, 50, 50, 0.4, 3, 100, 10, 500, 1000, 1000, 25
2021-06-16 08:02:26.429931, N104, N25, 212.5093696117401, 318, 300, 24.765258929399796, False, False, 10000, 100, 10000, 1000, 95, 10, 30, 50, 50, 0.4, 3, 100, 10, 500, 1000, 1000, 25
2021-06-16 08:05:58.951142, N147, N41, 224.79119992256165, 318, 300, 19.72996342870295, False, False, 10000, 100, 10000, 1000, 95, 10, 30, 50, 50, 0.4, 3, 100, 10, 500, 1000, 1000, 25
2021-06-16 08:09:43.754358, N173, N79, 225.8607952594757, 320, 300, 18.802547470424216, False, False, 10000, 100, 10000, 1000, 95, 10, 30, 50, 50, 0.4, 3, 100, 10, 500, 1000, 1000, 25
2021-06-16 08:13:29.619632, N122, N175, 219.05840134620667, 321, 300, 19.575755857331707, False, False, 10000, 100, 10000, 1000, 95, 10, 30, 50, 50, 0.4, 3, 100, 10, 500, 1000, 1000, 25
2021-06-16 08:17:08.691712, N185, N43, 226.58175992965698, 329, 300, 19.456837916993578, False, False, 10000, 100, 10000, 1000, 95, 10, 30, 50, 50, 0.4, 3, 100, 10, 500, 1000, 1000, 25
