2021-06-16 09:01:58.091556, N15, N7, 83.51217651367188, 101, 100, -3.359942310003698, True, True, 10000, 100, 10000, 1000, 95, 10, 30, 50, 50, 0.4, 3, 100, 10, 500, 1000, 1000, 25
2021-06-16 09:03:21.649611, N29, N7, 88.15094661712646, 102, 100, -1.2159480810834686, True, True, 10000, 100, 10000, 1000, 95, 10, 30, 50, 50, 0.4, 3, 100, 10, 500, 1000, 1000, 25
2021-06-16 09:04:49.850397, N28, N8, 89.96852254867554, 101, 100, -1.1246464715342606, True, True, 10000, 100, 10000, 1000, 95, 10, 30, 50, 50, 0.4, 3, 100, 10, 500, 1000, 1000, 25
2021-06-16 09:06:19.849865, N26, N18, 82.01181602478027, 101, 100, 0.4058173076923077, True, True, 10000, 100, 10000, 1000, 95, 10, 30, 50, 50, 0.4, 3, 100, 10, 500, 1000, 1000, 25
2021-06-16 09:07:41.916560, N21, N8, 90.12513279914856, 103, 100, 2.7902219752477855, True, True, 10000, 100, 10000, 1000, 95, 10, 30, 50, 50, 0.4, 3, 100, 10, 500, 1000, 1000, 25
2021-06-16 09:09:12.150375, N4, N5, 341.3791415691376, 320, 300, 17.34208458633089, False, False, 10000, 100, 10000, 1000, 95, 10, 30, 50, 50, 0.4, 3, 100, 10, 500, 1000, 1000, 25
2021-06-16 09:14:53.609304, N9, N15, 87.49316477775574, 102, 100, 2.2902219752477855, True, True, 10000, 100, 10000, 1000, 95, 10, 30, 50, 50, 0.4, 3, 100, 10, 500, 1000, 1000, 25
2021-06-16 09:16:21.159319, N14, N17, 86.17568683624268, 102, 100, -1.8530530718380178, True, True, 10000, 100, 10000, 1000, 95, 10, 30, 50, 50, 0.4, 3, 100, 10, 500, 1000, 1000, 25
2021-06-16 09:17:47.400856, N28, N21, 95.79897022247314, 106, 100, 3.1253535284657397, True, True, 10000, 100, 10000, 1000, 95, 10, 30, 50, 50, 0.4, 3, 100, 10, 500, 1000, 1000, 25
2021-06-16 09:19:23.251658, N14, N18, 85.63812232017517, 101, 100, 6.146946928161983, True, True, 10000, 100, 10000, 1000, 95, 10, 30, 50, 50, 0.4, 3, 100, 10, 500, 1000, 1000, 25
2021-06-16 09:20:48.942669, N28, N27, 366.5272717475891, 343, 300, 17.17098315701293, False, False, 10000, 100, 10000, 1000, 95, 10, 30, 50, 50, 0.4, 3, 100, 10, 500, 1000, 1000, 25
2021-06-16 09:26:55.526760, N4, N27, 423.0289270877838, 406, 300, 11.51600712798358, False, True, 10000, 100, 10000, 1000, 95, 10, 30, 50, 50, 0.4, 3, 100, 10, 500, 1000, 1000, 25
2021-06-16 09:33:58.602565, N18, N12, 106.63200521469116, 113, 100, 7.35599318033106, True, True, 10000, 100, 10000, 1000, 95, 10, 30, 50, 50, 0.4, 3, 100, 10, 500, 1000, 1000, 25
2021-06-16 09:35:45.260507, N30, N11, 85.8336341381073, 102, 100, -1.8590775147928995, True, True, 10000, 100, 10000, 1000, 95, 10, 30, 50, 50, 0.4, 3, 100, 10, 500, 1000, 1000, 25
2021-06-16 09:37:11.144978, N3, N28, 84.7395510673523, 101, 100, -1.8590775147928995, True, True, 10000, 100, 10000, 1000, 95, 10, 30, 50, 50, 0.4, 3, 100, 10, 500, 1000, 1000, 25
2021-06-16 09:38:35.936363, N8, N26, 101.16662216186523, 110, 100, 3.1727371850695008, True, True, 10000, 100, 10000, 1000, 95, 10, 30, 50, 50, 0.4, 3, 100, 10, 500, 1000, 1000, 25
2021-06-16 09:40:17.152852, N30, N14, 89.50804424285889, 102, 100, -1.215170295402822, True, True, 10000, 100, 10000, 1000, 95, 10, 30, 50, 50, 0.4, 3, 100, 10, 500, 1000, 1000, 25
2021-06-16 09:41:46.694806, N9, N17, 310.42141461372375, 311, 300, 21.251935725568423, False, False, 10000, 100, 10000, 1000, 95, 10, 30, 50, 50, 0.4, 3, 100, 10, 500, 1000, 1000, 25
2021-06-16 09:46:57.169072, N5, N26, 309.3183219432831, 313, 300, 21.877312489288943, False, False, 10000, 100, 10000, 1000, 95, 10, 30, 50, 50, 0.4, 3, 100, 10, 500, 1000, 1000, 25
2021-06-16 09:52:06.519308, N27, N20, 83.79875826835632, 100, 100, -3.359942310003698, True, True, 10000, 100, 10000, 1000, 95, 10, 30, 50, 50, 0.4, 3, 100, 10, 500, 1000, 1000, 25
2021-06-16 09:53:30.362947, N14, N16, 92.67464089393616, 104, 100, -1.1295584665307983, True, True, 10000, 100, 10000, 1000, 95, 10, 30, 50, 50, 0.4, 3, 100, 10, 500, 1000, 1000, 25
2021-06-16 09:55:03.093437, N13, N29, 330.1027674674988, 321, 300, 17.25785279959098, False, False, 10000, 100, 10000, 1000, 95, 10, 30, 50, 50, 0.4, 3, 100, 10, 500, 1000, 1000, 25
2021-06-16 10:00:33.272003, N16, N13, 88.60823321342468, 103, 100, -1.7159480810834686, True, True, 10000, 100, 10000, 1000, 95, 10, 30, 50, 50, 0.4, 3, 100, 10, 500, 1000, 1000, 25
2021-06-16 10:02:01.944037, N13, N17, 84.29371905326843, 101, 100, -3.359942310003698, True, True, 10000, 100, 10000, 1000, 95, 10, 30, 50, 50, 0.4, 3, 100, 10, 500, 1000, 1000, 25
2021-06-16 10:03:26.268704, N15, N8, 110.3052020072937, 118, 100, 7.353366426276368, True, True, 10000, 100, 10000, 1000, 95, 10, 30, 50, 50, 0.4, 3, 100, 10, 500, 1000, 1000, 25
2021-06-16 10:05:16.627726, N4, N15, 317.59819054603577, 321, 300, 7.092188340235246, True, False, 10000, 100, 10000, 1000, 95, 10, 30, 50, 50, 0.4, 3, 100, 10, 500, 1000, 1000, 25
2021-06-16 10:10:34.280770, N5, N4, 324.18261909484863, 310, 300, 19.08522181253061, False, False, 10000, 100, 10000, 1000, 95, 10, 30, 50, 50, 0.4, 3, 100, 10, 500, 1000, 1000, 25
2021-06-16 10:15:58.514250, N11, N10, 89.88477849960327, 103, 100, -1.6215349242360633, True, True, 10000, 100, 10000, 1000, 95, 10, 30, 50, 50, 0.4, 3, 100, 10, 500, 1000, 1000, 25
2021-06-16 10:17:28.456871, N27, N16, 339.0229318141937, 320, 300, 18.5872480563322, False, False, 10000, 100, 10000, 1000, 95, 10, 30, 50, 50, 0.4, 3, 100, 10, 500, 1000, 1000, 25
2021-06-16 10:23:07.532659, N7, N3, 100.61310529708862, 109, 100, 7.220180399259578, True, True, 10000, 100, 10000, 1000, 95, 10, 30, 50, 50, 0.4, 3, 100, 10, 500, 1000, 1000, 25
2021-06-16 10:24:48.183662, N25, N28, 87.01344704627991, 103, 100, -1.7453582863350592, True, True, 10000, 100, 10000, 1000, 95, 10, 30, 50, 50, 0.4, 3, 100, 10, 500, 1000, 1000, 25
2021-06-16 10:26:15.250965, N14, N20, 335.27395009994507, 317, 300, 18.77228620249586, False, False, 10000, 100, 10000, 1000, 95, 10, 30, 50, 50, 0.4, 3, 100, 10, 500, 1000, 1000, 25
2021-06-16 10:31:50.574780, N11, N30, 86.23951864242554, 101, 100, -1.7453582863350592, True, True, 10000, 100, 10000, 1000, 95, 10, 30, 50, 50, 0.4, 3, 100, 10, 500, 1000, 1000, 25
2021-06-16 10:33:16.866159, N11, N20, 313.4183602333069, 313, 300, 20.457135300071652, False, False, 10000, 100, 10000, 1000, 95, 10, 30, 50, 50, 0.4, 3, 100, 10, 500, 1000, 1000, 25
2021-06-16 10:38:30.317431, N27, N30, 113.62532615661621, 122, 100, 7.370180399259579, True, True, 10000, 100, 10000, 1000, 95, 10, 30, 50, 50, 0.4, 3, 100, 10, 500, 1000, 1000, 25
2021-06-16 10:40:24.002596, N9, N30, 748.8257429599762, 804, 300, 9.271576697099452, True, False, 10000, 100, 10000, 1000, 95, 10, 30, 50, 50, 0.4, 3, 100, 10, 500, 1000, 1000, 25
2021-06-16 10:52:52.873227, N12, N6, 116.03588271141052, 111, 100, 7.3845365591486045, True, True, 10000, 100, 10000, 1000, 95, 10, 30, 50, 50, 0.4, 3, 100, 10, 500, 1000, 1000, 25
2021-06-16 10:54:48.967944, N28, N8, 92.6321394443512, 103, 100, -1.0602006886732769, True, True, 10000, 100, 10000, 1000, 95, 10, 30, 50, 50, 0.4, 3, 100, 10, 500, 1000, 1000, 25
2021-06-16 10:56:21.673998, N16, N11, 92.08897924423218, 105, 100, -1.1231700608416884, True, True, 10000, 100, 10000, 1000, 95, 10, 30, 50, 50, 0.4, 3, 100, 10, 500, 1000, 1000, 25
2021-06-16 10:57:53.817881, N13, N18, 92.53525567054749, 104, 100, 6.93871697309372, True, True, 10000, 100, 10000, 1000, 95, 10, 30, 50, 50, 0.4, 3, 100, 10, 500, 1000, 1000, 25
2021-06-16 10:59:26.408979, N18, N7, 324.36367869377136, 313, 300, 21.441961663787573, False, False, 10000, 100, 10000, 1000, 95, 10, 30, 50, 50, 0.4, 3, 100, 10, 500, 1000, 1000, 25
2021-06-16 11:04:50.826494, N23, N8, 289.2439706325531, 310, 300, 8.490446512272424, True, False, 10000, 100, 10000, 1000, 95, 10, 30, 50, 50, 0.4, 3, 100, 10, 500, 1000, 1000, 25
2021-06-16 11:09:40.143271, N12, N14, 95.24299836158752, 106, 100, -1.0612830269062803, True, True, 10000, 100, 10000, 1000, 95, 10, 30, 50, 50, 0.4, 3, 100, 10, 500, 1000, 1000, 25
2021-06-16 11:11:15.444139, N10, N14, 85.88247323036194, 101, 100, -1.749135364275148, True, True, 10000, 100, 10000, 1000, 95, 10, 30, 50, 50, 0.4, 3, 100, 10, 500, 1000, 1000, 25
2021-06-16 11:12:41.372460, N14, N21, 99.13010287284851, 106, 100, 3.1879315702674895, True, True, 10000, 100, 10000, 1000, 95, 10, 30, 50, 50, 0.4, 3, 100, 10, 500, 1000, 1000, 25
2021-06-16 11:14:20.555420, N30, N21, 82.85057544708252, 101, 100, 0.5008653846153845, True, True, 10000, 100, 10000, 1000, 95, 10, 30, 50, 50, 0.4, 3, 100, 10, 500, 1000, 1000, 25
2021-06-16 11:15:43.456830, N28, N13, 84.85521817207336, 101, 100, -3.249135364275148, True, True, 10000, 100, 10000, 1000, 95, 10, 30, 50, 50, 0.4, 3, 100, 10, 500, 1000, 1000, 25
2021-06-16 11:17:08.364907, N28, N25, 86.23153686523438, 102, 100, -1.749135364275148, True, True, 10000, 100, 10000, 1000, 95, 10, 30, 50, 50, 0.4, 3, 100, 10, 500, 1000, 1000, 25
2021-06-16 11:18:34.632375, N7, N10, 94.25010967254639, 105, 100, 6.937931570267489, True, True, 10000, 100, 10000, 1000, 95, 10, 30, 50, 50, 0.4, 3, 100, 10, 500, 1000, 1000, 25
2021-06-16 11:20:08.941326, N26, N18, 83.20266270637512, 101, 100, 0.5008653846153845, True, True, 10000, 100, 10000, 1000, 95, 10, 30, 50, 50, 0.4, 3, 100, 10, 500, 1000, 1000, 25
2021-06-16 11:21:32.196828, N10, N28, 86.15474343299866, 102, 100, -1.6588482340976332, True, True, 10000, 100, 10000, 1000, 95, 10, 30, 50, 50, 0.4, 3, 100, 10, 500, 1000, 1000, 25
2021-06-16 11:22:58.412401, N20, N25, 340.00534558296204, 316, 300, 18.219073910009584, False, False, 10000, 100, 10000, 1000, 95, 10, 30, 50, 50, 0.4, 3, 100, 10, 500, 1000, 1000, 25
2021-06-16 11:28:38.479581, N6, N3, 325.1319477558136, 308, 300, 16.287661387164484, True, False, 10000, 100, 10000, 1000, 95, 10, 30, 50, 50, 0.4, 3, 100, 10, 500, 1000, 1000, 25
2021-06-16 11:34:03.677354, N3, N5, 340.9757168292999, 311, 300, 17.939054546064526, False, False, 10000, 100, 10000, 1000, 95, 10, 30, 50, 50, 0.4, 3, 100, 10, 500, 1000, 1000, 25
2021-06-16 11:39:44.713905, N18, N11, 100.3169264793396, 106, 100, 7.389949352920094, True, True, 10000, 100, 10000, 1000, 95, 10, 30, 50, 50, 0.4, 3, 100, 10, 500, 1000, 1000, 25
2021-06-16 11:41:25.094632, N10, N15, 539.8452446460724, 578, 300, 8.073282686253432, False, True, 10000, 100, 10000, 1000, 95, 10, 30, 50, 50, 0.4, 3, 100, 10, 500, 1000, 1000, 25
2021-06-16 11:50:25.015681, N18, N20, 378.7092399597168, 311, 300, 24.235857627875514, False, False, 10000, 100, 10000, 1000, 95, 10, 30, 50, 50, 0.4, 3, 100, 10, 500, 1000, 1000, 25
2021-06-16 11:56:43.776721, N3, N14, 120.07084941864014, 102, 100, -1.658809913553994, True, True, 10000, 100, 10000, 1000, 95, 10, 30, 50, 50, 0.4, 3, 100, 10, 500, 1000, 1000, 25
2021-06-16 11:58:43.930359, N18, N13, 133.0890130996704, 104, 100, 6.974779411356973, True, True, 10000, 100, 10000, 1000, 95, 10, 30, 50, 50, 0.4, 3, 100, 10, 500, 1000, 1000, 25
2021-06-16 12:00:57.059272, N7, N26, 460.47612047195435, 313, 300, 10.608989893584184, True, False, 10000, 100, 10000, 1000, 95, 10, 30, 50, 50, 0.4, 3, 100, 10, 500, 1000, 1000, 25
2021-06-16 12:08:37.602198, N25, N30, 118.65212106704712, 101, 100, -3.158809913553994, True, True, 10000, 100, 10000, 1000, 95, 10, 30, 50, 50, 0.4, 3, 100, 10, 500, 1000, 1000, 25
2021-06-16 12:10:36.290253, N5, N3, 377.17881965637207, 311, 300, 18.689960624472977, False, False, 10000, 100, 10000, 1000, 95, 10, 30, 50, 50, 0.4, 3, 100, 10, 500, 1000, 1000, 25
2021-06-16 12:16:53.538887, N13, N28, 85.76103448867798, 101, 100, -3.158809913553994, True, True, 10000, 100, 10000, 1000, 95, 10, 30, 50, 50, 0.4, 3, 100, 10, 500, 1000, 1000, 25
2021-06-16 12:18:19.366744, N16, N26, 99.0249092578888, 106, 100, 3.239955414098955, True, True, 10000, 100, 10000, 1000, 95, 10, 30, 50, 50, 0.4, 3, 100, 10, 500, 1000, 1000, 25
2021-06-16 12:19:58.430574, N8, N6, 114.51010870933533, 111, 100, 7.49599761884866, True, True, 10000, 100, 10000, 1000, 95, 10, 30, 50, 50, 0.4, 3, 100, 10, 500, 1000, 1000, 25
2021-06-16 12:21:53.023439, N29, N21, 111.52596020698547, 105, 100, 3.2247915797850215, True, True, 10000, 100, 10000, 1000, 95, 10, 30, 50, 50, 0.4, 3, 100, 10, 500, 1000, 1000, 25
2021-06-16 12:23:44.619211, N5, N21, 114.62844634056091, 108, 100, 3.2247915797850215, True, True, 10000, 100, 10000, 1000, 95, 10, 30, 50, 50, 0.4, 3, 100, 10, 500, 1000, 1000, 25
2021-06-16 12:25:39.277915, N29, N28, 382.2195854187012, 312, 300, 17.920729901691047, False, False, 10000, 100, 10000, 1000, 95, 10, 30, 50, 50, 0.4, 3, 100, 10, 500, 1000, 1000, 25
2021-06-16 12:32:01.549391, N26, N5, 380.29924035072327, 316, 300, 21.64955658406894, False, False, 10000, 100, 10000, 1000, 95, 10, 30, 50, 50, 0.4, 3, 100, 10, 500, 1000, 1000, 25
2021-06-16 12:38:21.896950, N12, N28, 111.58735942840576, 104, 100, -1.0252327614759364, True, True, 10000, 100, 10000, 1000, 95, 10, 30, 50, 50, 0.4, 3, 100, 10, 500, 1000, 1000, 25
2021-06-16 12:40:13.548136, N13, N8, 105.80526065826416, 103, 100, -1.5633101856091047, True, True, 10000, 100, 10000, 1000, 95, 10, 30, 50, 50, 0.4, 3, 100, 10, 500, 1000, 1000, 25
2021-06-16 12:41:59.413238, N9, N25, 901.8657970428467, 799, 300, 12.886101710508026, False, True, 10000, 100, 10000, 1000, 95, 10, 30, 50, 50, 0.4, 3, 100, 10, 500, 1000, 1000, 25
2021-06-16 12:57:01.335852, N4, N29, 362.3106641769409, 313, 300, 17.973436820413138, False, False, 10000, 100, 10000, 1000, 95, 10, 30, 50, 50, 0.4, 3, 100, 10, 500, 1000, 1000, 25
2021-06-16 13:03:03.662449, N6, N13, 376.2364022731781, 315, 300, 18.790868781804463, False, False, 10000, 100, 10000, 1000, 95, 10, 30, 50, 50, 0.4, 3, 100, 10, 500, 1000, 1000, 25
2021-06-16 13:09:19.972644, N21, N20, 113.88132214546204, 103, 100, 2.936689814390895, True, True, 10000, 100, 10000, 1000, 95, 10, 30, 50, 50, 0.4, 3, 100, 10, 500, 1000, 1000, 25
2021-06-16 13:11:13.909852, N4, N21, 121.98457622528076, 103, 100, 2.9921412951148985, True, True, 10000, 100, 10000, 1000, 95, 10, 30, 50, 50, 0.4, 3, 100, 10, 500, 1000, 1000, 25
2021-06-16 13:13:15.965216, N30, N15, 125.13105273246765, 105, 100, 6.992141295114898, True, True, 10000, 100, 10000, 1000, 95, 10, 30, 50, 50, 0.4, 3, 100, 10, 500, 1000, 1000, 25
2021-06-16 13:15:21.154712, N27, N30, 437.0691258907318, 305, 300, 12.511092426843133, True, False, 10000, 100, 10000, 1000, 95, 10, 30, 50, 50, 0.4, 3, 100, 10, 500, 1000, 1000, 25
2021-06-16 13:22:38.277681, N16, N17, 107.94906663894653, 102, 100, -1.0265353831289827, True, True, 10000, 100, 10000, 1000, 95, 10, 30, 50, 50, 0.4, 3, 100, 10, 500, 1000, 1000, 25
2021-06-16 13:24:26.281596, N27, N18, 403.19327187538147, 321, 300, 20.228437732644025, False, False, 10000, 100, 10000, 1000, 95, 10, 30, 50, 50, 0.4, 3, 100, 10, 500, 1000, 1000, 25
2021-06-16 13:31:09.528270, N26, N3, 109.88615226745605, 103, 100, 2.9734646168710173, True, True, 10000, 100, 10000, 1000, 95, 10, 30, 50, 50, 0.4, 3, 100, 10, 500, 1000, 1000, 25
2021-06-16 13:32:59.477300, N4, N9, 702.2987725734711, 576, 300, 21.11111061531691, False, False, 10000, 100, 10000, 1000, 95, 10, 30, 50, 50, 0.4, 3, 100, 10, 500, 1000, 1000, 25
2021-06-16 13:44:41.857965, N16, N14, 93.00340342521667, 102, 100, -1.0079146883140484, True, True, 10000, 100, 10000, 1000, 95, 10, 30, 50, 50, 0.4, 3, 100, 10, 500, 1000, 1000, 25
2021-06-16 13:46:14.957203, N3, N28, 87.73097968101501, 101, 100, -1.5889645340236684, True, True, 10000, 100, 10000, 1000, 95, 10, 30, 50, 50, 0.4, 3, 100, 10, 500, 1000, 1000, 25
2021-06-16 13:47:42.744103, N8, N18, 109.65775465965271, 113, 100, 7.399295873442198, True, True, 10000, 100, 10000, 1000, 95, 10, 30, 50, 50, 0.4, 3, 100, 10, 500, 1000, 1000, 25
2021-06-16 13:49:32.457793, N23, N21, 90.73899936676025, 102, 100, 2.4734646168710173, True, True, 10000, 100, 10000, 1000, 95, 10, 30, 50, 50, 0.4, 3, 100, 10, 500, 1000, 1000, 25
2021-06-16 13:51:03.252674, N6, N8, 328.6975483894348, 312, 300, 19.699998369896445, False, False, 10000, 100, 10000, 1000, 95, 10, 30, 50, 50, 0.4, 3, 100, 10, 500, 1000, 1000, 25
2021-06-16 13:56:32.026120, N15, N13, 108.82284450531006, 114, 100, 7.399295873442198, True, True, 10000, 100, 10000, 1000, 95, 10, 30, 50, 50, 0.4, 3, 100, 10, 500, 1000, 1000, 25
2021-06-16 13:58:20.908851, N26, N3, 93.23965740203857, 104, 100, 2.973605512415612, True, True, 10000, 100, 10000, 1000, 95, 10, 30, 50, 50, 0.4, 3, 100, 10, 500, 1000, 1000, 25
2021-06-16 13:59:54.212389, N21, N13, 92.22898006439209, 104, 100, 2.973605512415612, True, True, 10000, 100, 10000, 1000, 95, 10, 30, 50, 50, 0.4, 3, 100, 10, 500, 1000, 1000, 25
2021-06-16 14:01:26.465332, N5, N3, 395.40457344055176, 392, 300, 8.818163429961213, False, True, 10000, 100, 10000, 1000, 95, 10, 30, 50, 50, 0.4, 3, 100, 10, 500, 1000, 1000, 25
2021-06-16 14:08:01.925854, N28, N8, 95.14554524421692, 103, 100, -1.0078587048851018, True, True, 10000, 100, 10000, 1000, 95, 10, 30, 50, 50, 0.4, 3, 100, 10, 500, 1000, 1000, 25
2021-06-16 14:09:37.135282, N13, N5, 607.6106550693512, 554, 300, 17.29670315219569, False, False, 10000, 100, 10000, 1000, 95, 10, 30, 50, 50, 0.4, 3, 100, 10, 500, 1000, 1000, 25
2021-06-16 14:19:44.806748, N14, N26, 80.39114904403687, 101, 100, 0.7022596153846149, True, True, 10000, 100, 10000, 1000, 95, 10, 30, 50, 50, 0.4, 3, 100, 10, 500, 1000, 1000, 25
2021-06-16 14:21:05.252749, N28, N5, 356.9889442920685, 326, 300, 16.18177654396605, False, False, 10000, 100, 10000, 1000, 95, 10, 30, 50, 50, 0.4, 3, 100, 10, 500, 1000, 1000, 25
2021-06-16 14:27:02.300505, N15, N4, 305.06069827079773, 310, 300, 18.058108413600955, False, False, 10000, 100, 10000, 1000, 95, 10, 30, 50, 50, 0.4, 3, 100, 10, 500, 1000, 1000, 25
2021-06-16 14:32:07.415085, N30, N25, 80.9566638469696, 100, 100, -3.0886493366309176, True, True, 10000, 100, 10000, 1000, 95, 10, 30, 50, 50, 0.4, 3, 100, 10, 500, 1000, 1000, 25
2021-06-16 14:33:28.423556, N14, N13, 81.5520453453064, 101, 100, -3.0886493366309176, True, True, 10000, 100, 10000, 1000, 95, 10, 30, 50, 50, 0.4, 3, 100, 10, 500, 1000, 1000, 25
2021-06-16 14:34:50.038433, N27, N8, 322.0383222103119, 311, 300, 17.404761861736148, False, False, 10000, 100, 10000, 1000, 95, 10, 30, 50, 50, 0.4, 3, 100, 10, 500, 1000, 1000, 25
2021-06-16 14:40:12.134600, N4, N23, 630.1887629032135, 610, 300, 17.91849802399057, False, False, 10000, 100, 10000, 1000, 95, 10, 30, 50, 50, 0.4, 3, 100, 10, 500, 1000, 1000, 25
2021-06-16 09:02:30.134280, N28, N5, 331.5933063030243, 314, 300, 17.223490756536805, False, False, 10000, 100, 10000, 1000, 95, 10, 30, 50, 50, 0.4, 3, 100, 10, 500, 1000, 1000, 25
2021-06-16 09:08:01.768476, N5, N13, 342.5141372680664, 320, 300, 17.183753907386606, False, False, 10000, 100, 10000, 1000, 95, 10, 30, 50, 50, 0.4, 3, 100, 10, 500, 1000, 1000, 25
2021-06-16 09:13:44.350404, N25, N18, 95.54265141487122, 105, 100, 7.172737185069501, True, True, 10000, 100, 10000, 1000, 95, 10, 30, 50, 50, 0.4, 3, 100, 10, 500, 1000, 1000, 25
2021-06-16 09:15:19.918988, N17, N15, 684.2930405139923, 752, 300, 9.65370174397626, False, True, 10000, 100, 10000, 1000, 95, 10, 30, 50, 50, 0.4, 3, 100, 10, 500, 1000, 1000, 25
2021-06-16 09:26:44.268849, N20, N23, 83.68730854988098, 101, 100, -3.3590775147928995, True, True, 10000, 100, 10000, 1000, 95, 10, 30, 50, 50, 0.4, 3, 100, 10, 500, 1000, 1000, 25
2021-06-16 09:28:08.011054, N13, N4, 84.27627205848694, 101, 100, -3.353281640625, True, True, 10000, 100, 10000, 1000, 95, 10, 30, 50, 50, 0.4, 3, 100, 10, 500, 1000, 1000, 25
2021-06-16 09:29:32.311277, N16, N8, 90.1540515422821, 102, 100, -1.2099817751464845, True, True, 10000, 100, 10000, 1000, 95, 10, 30, 50, 50, 0.4, 3, 100, 10, 500, 1000, 1000, 25
2021-06-16 09:31:02.519160, N28, N9, 322.66066122055054, 314, 300, 19.44277358527045, False, False, 10000, 100, 10000, 1000, 95, 10, 30, 50, 50, 0.4, 3, 100, 10, 500, 1000, 1000, 25
2021-06-16 09:36:25.243680, N14, N30, 90.20492100715637, 104, 100, -1.2099817751464845, True, True, 10000, 100, 10000, 1000, 95, 10, 30, 50, 50, 0.4, 3, 100, 10, 500, 1000, 1000, 25
2021-06-16 09:37:55.527388, N15, N12, 312.5918312072754, 324, 300, 8.587638201375707, True, False, 10000, 100, 10000, 1000, 95, 10, 30, 50, 50, 0.4, 3, 100, 10, 500, 1000, 1000, 25
2021-06-16 09:43:08.153099, N23, N18, 317.4835362434387, 312, 300, 21.439153352890855, False, False, 10000, 100, 10000, 1000, 95, 10, 30, 50, 50, 0.4, 3, 100, 10, 500, 1000, 1000, 25
2021-06-16 09:48:25.704455, N4, N3, 84.0703182220459, 101, 100, -3.353281640625, True, True, 10000, 100, 10000, 1000, 95, 10, 30, 50, 50, 0.4, 3, 100, 10, 500, 1000, 1000, 25
2021-06-16 09:49:49.828654, N21, N13, 91.56528496742249, 104, 100, 2.7900182248535152, True, True, 10000, 100, 10000, 1000, 95, 10, 30, 50, 50, 0.4, 3, 100, 10, 500, 1000, 1000, 25
2021-06-16 09:51:21.444802, N14, N9, 319.215904712677, 310, 300, 19.438404894339772, False, False, 10000, 100, 10000, 1000, 95, 10, 30, 50, 50, 0.4, 3, 100, 10, 500, 1000, 1000, 25
2021-06-16 09:56:40.712540, N15, N11, 321.4439311027527, 322, 300, 7.905437861372744, True, False, 10000, 100, 10000, 1000, 95, 10, 30, 50, 50, 0.4, 3, 100, 10, 500, 1000, 1000, 25
2021-06-16 10:02:02.173426, N13, N21, 92.14576244354248, 105, 100, 2.788127275830678, True, True, 10000, 100, 10000, 1000, 95, 10, 30, 50, 50, 0.4, 3, 100, 10, 500, 1000, 1000, 25
2021-06-16 10:03:34.370019, N25, N10, 83.79006552696228, 101, 100, -3.3553994082840237, True, True, 10000, 100, 10000, 1000, 95, 10, 30, 50, 50, 0.4, 3, 100, 10, 500, 1000, 1000, 25
2021-06-16 10:04:58.254830, N27, N10, 371.465279340744, 329, 300, 16.092063894225884, False, False, 10000, 100, 10000, 1000, 95, 10, 30, 50, 50, 0.4, 3, 100, 10, 500, 1000, 1000, 25
2021-06-16 10:11:09.733047, N18, N7, 393.66688871383667, 417, 300, 12.109046102349001, True, False, 10000, 100, 10000, 1000, 95, 10, 30, 50, 50, 0.4, 3, 100, 10, 500, 1000, 1000, 25
2021-06-16 10:17:43.409908, N25, N27, 341.8434200286865, 318, 300, 17.31796514739817, False, False, 10000, 100, 10000, 1000, 95, 10, 30, 50, 50, 0.4, 3, 100, 10, 500, 1000, 1000, 25
2021-06-16 10:23:25.266294, N25, N12, 83.6494414806366, 101, 100, -3.3553994082840237, True, True, 10000, 100, 10000, 1000, 95, 10, 30, 50, 50, 0.4, 3, 100, 10, 500, 1000, 1000, 25
2021-06-16 10:24:48.927672, N11, N29, 327.17260241508484, 335, 300, 9.492290799914564, True, False, 10000, 100, 10000, 1000, 95, 10, 30, 50, 50, 0.4, 3, 100, 10, 500, 1000, 1000, 25
2021-06-16 10:30:16.113238, N3, N14, 85.5872597694397, 101, 100, -1.8553994082840235, True, True, 10000, 100, 10000, 1000, 95, 10, 30, 50, 50, 0.4, 3, 100, 10, 500, 1000, 1000, 25
2021-06-16 10:31:41.710477, N20, N7, 86.9466290473938, 102, 100, -1.8553994082840235, True, True, 10000, 100, 10000, 1000, 95, 10, 30, 50, 50, 0.4, 3, 100, 10, 500, 1000, 1000, 25
2021-06-16 10:33:08.669069, N16, N30, 85.56032991409302, 102, 100, -3.3553994082840237, True, True, 10000, 100, 10000, 1000, 95, 10, 30, 50, 50, 0.4, 3, 100, 10, 500, 1000, 1000, 25
2021-06-16 10:34:34.284280, N13, N26, 88.89140033721924, 103, 100, 2.376829939158312, True, True, 10000, 100, 10000, 1000, 95, 10, 30, 50, 50, 0.4, 3, 100, 10, 500, 1000, 1000, 25
2021-06-16 10:36:03.225575, N26, N8, 99.67461061477661, 109, 100, 3.219508747814755, True, True, 10000, 100, 10000, 1000, 95, 10, 30, 50, 50, 0.4, 3, 100, 10, 500, 1000, 1000, 25
2021-06-16 10:37:42.952021, N21, N7, 82.10855603218079, 101, 100, 0.5024519230769232, True, True, 10000, 100, 10000, 1000, 95, 10, 30, 50, 50, 0.4, 3, 100, 10, 500, 1000, 1000, 25
2021-06-16 10:39:05.117453, N5, N11, 356.0684244632721, 329, 300, 16.50892735404641, False, False, 10000, 100, 10000, 1000, 95, 10, 30, 50, 50, 0.4, 3, 100, 10, 500, 1000, 1000, 25
2021-06-16 10:45:01.243720, N15, N13, 318.6154704093933, 313, 300, 17.328697602915756, False, False, 10000, 100, 10000, 1000, 95, 10, 30, 50, 50, 0.4, 3, 100, 10, 500, 1000, 1000, 25
2021-06-16 10:50:19.912023, N14, N25, 88.5074520111084, 102, 100, -1.624963945774667, True, True, 10000, 100, 10000, 1000, 95, 10, 30, 50, 50, 0.4, 3, 100, 10, 500, 1000, 1000, 25
2021-06-16 10:51:48.494278, N13, N15, 337.4839811325073, 318, 300, 16.510367592676896, False, False, 10000, 100, 10000, 1000, 95, 10, 30, 50, 50, 0.4, 3, 100, 10, 500, 1000, 1000, 25
2021-06-16 10:57:26.006211, N18, N3, 95.58853268623352, 106, 100, 7.1875240349946745, True, True, 10000, 100, 10000, 1000, 95, 10, 30, 50, 50, 0.4, 3, 100, 10, 500, 1000, 1000, 25
2021-06-16 10:59:01.646575, N21, N18, 106.88792371749878, 109, 100, 11.492192756896854, True, True, 10000, 100, 10000, 1000, 95, 10, 30, 50, 50, 0.4, 3, 100, 10, 500, 1000, 1000, 25
2021-06-16 11:00:48.563393, N18, N23, 345.13616251945496, 313, 300, 19.566727899037208, False, False, 10000, 100, 10000, 1000, 95, 10, 30, 50, 50, 0.4, 3, 100, 10, 500, 1000, 1000, 25
2021-06-16 11:06:33.757400, N5, N18, 327.9211194515228, 313, 300, 20.335958668267978, False, False, 10000, 100, 10000, 1000, 95, 10, 30, 50, 50, 0.4, 3, 100, 10, 500, 1000, 1000, 25
2021-06-16 11:12:01.738398, N7, N25, 93.97388339042664, 105, 100, 6.9375240349946745, True, True, 10000, 100, 10000, 1000, 95, 10, 30, 50, 50, 0.4, 3, 100, 10, 500, 1000, 1000, 25
2021-06-16 11:13:35.756122, N14, N15, 321.99444341659546, 310, 300, 18.75383539500605, False, False, 10000, 100, 10000, 1000, 95, 10, 30, 50, 50, 0.4, 3, 100, 10, 500, 1000, 1000, 25
2021-06-16 11:18:57.805417, N23, N3, 114.1878228187561, 118, 100, 7.392192756896855, True, True, 10000, 100, 10000, 1000, 95, 10, 30, 50, 50, 0.4, 3, 100, 10, 500, 1000, 1000, 25
2021-06-16 11:20:52.026178, N14, N3, 85.69699692726135, 101, 100, -1.7499519253883138, True, True, 10000, 100, 10000, 1000, 95, 10, 30, 50, 50, 0.4, 3, 100, 10, 500, 1000, 1000, 25
2021-06-16 11:22:17.780992, N15, N11, 102.16395783424377, 108, 100, 7.385895911152221, True, True, 10000, 100, 10000, 1000, 95, 10, 30, 50, 50, 0.4, 3, 100, 10, 500, 1000, 1000, 25
2021-06-16 11:23:59.998804, N8, N11, 85.74388527870178, 102, 100, -3.241610059171598, True, True, 10000, 100, 10000, 1000, 95, 10, 30, 50, 50, 0.4, 3, 100, 10, 500, 1000, 1000, 25
2021-06-16 11:25:25.798574, N5, N25, 328.4570562839508, 314, 300, 18.724160049036758, False, False, 10000, 100, 10000, 1000, 95, 10, 30, 50, 50, 0.4, 3, 100, 10, 500, 1000, 1000, 25
2021-06-16 11:30:54.267564, N30, N12, 84.28773808479309, 101, 100, -3.241610059171598, True, True, 10000, 100, 10000, 1000, 95, 10, 30, 50, 50, 0.4, 3, 100, 10, 500, 1000, 1000, 25
2021-06-16 11:32:18.567270, N9, N26, 322.26874446868896, 313, 300, 24.31991554056647, False, False, 10000, 100, 10000, 1000, 95, 10, 30, 50, 50, 0.4, 3, 100, 10, 500, 1000, 1000, 25
2021-06-16 11:37:40.848946, N29, N10, 317.5971956253052, 311, 300, 7.977924198575125, True, False, 10000, 100, 10000, 1000, 95, 10, 30, 50, 50, 0.4, 3, 100, 10, 500, 1000, 1000, 25
2021-06-16 11:42:58.451128, N10, N14, 85.98722195625305, 102, 100, -1.7416100591715977, True, True, 10000, 100, 10000, 1000, 95, 10, 30, 50, 50, 0.4, 3, 100, 10, 500, 1000, 1000, 25
2021-06-16 11:44:24.452282, N11, N4, 88.38580894470215, 102, 100, -1.6187606367774239, True, True, 10000, 100, 10000, 1000, 95, 10, 30, 50, 50, 0.4, 3, 100, 10, 500, 1000, 1000, 25
2021-06-16 11:45:52.852028, N27, N13, 354.5973427295685, 327, 300, 17.960990898680087, False, False, 10000, 100, 10000, 1000, 95, 10, 30, 50, 50, 0.4, 3, 100, 10, 500, 1000, 1000, 25
2021-06-16 11:51:47.461308, N16, N20, 143.40187764167786, 118, 100, 7.385895911152221, True, True, 10000, 100, 10000, 1000, 95, 10, 30, 50, 50, 0.4, 3, 100, 10, 500, 1000, 1000, 25
2021-06-16 11:54:10.892104, N5, N12, 517.3280518054962, 323, 300, 15.271059727691327, False, False, 10000, 100, 10000, 1000, 95, 10, 30, 50, 50, 0.4, 3, 100, 10, 500, 1000, 1000, 25
2021-06-16 12:02:48.293543, N3, N20, 454.7672646045685, 312, 300, 17.98483246579361, False, False, 10000, 100, 10000, 1000, 95, 10, 30, 50, 50, 0.4, 3, 100, 10, 500, 1000, 1000, 25
2021-06-16 12:10:23.166535, N30, N26, 133.34656620025635, 105, 100, 3.2247915797850215, True, True, 10000, 100, 10000, 1000, 95, 10, 30, 50, 50, 0.4, 3, 100, 10, 500, 1000, 1000, 25
2021-06-16 12:12:36.585899, N13, N15, 324.7763156890869, 331, 100, 7.662664285515327, True, True, 10000, 100, 10000, 1000, 95, 10, 30, 50, 50, 0.4, 3, 100, 10, 500, 1000, 1000, 25
2021-06-16 12:18:01.406741, N5, N4, 357.1034572124481, 315, 300, 18.689960670921817, False, False, 10000, 100, 10000, 1000, 95, 10, 30, 50, 50, 0.4, 3, 100, 10, 500, 1000, 1000, 25
2021-06-16 12:23:58.556102, N9, N6, 96.96975135803223, 101, 100, 0.6039903846153847, True, True, 10000, 100, 10000, 1000, 95, 10, 30, 50, 50, 0.4, 3, 100, 10, 500, 1000, 1000, 25
2021-06-16 12:25:35.591652, N11, N16, 107.83144783973694, 103, 100, -1.0621036596482998, True, True, 10000, 100, 10000, 1000, 95, 10, 30, 50, 50, 0.4, 3, 100, 10, 500, 1000, 1000, 25
2021-06-16 12:27:23.482939, N21, N15, 104.00571846961975, 102, 100, 2.4378963403517004, True, True, 10000, 100, 10000, 1000, 95, 10, 30, 50, 50, 0.4, 3, 100, 10, 500, 1000, 1000, 25
2021-06-16 12:29:07.540522, N11, N25, 92.78601336479187, 101, 100, -3.156823615477071, True, True, 10000, 100, 10000, 1000, 95, 10, 30, 50, 50, 0.4, 3, 100, 10, 500, 1000, 1000, 25
2021-06-16 12:30:40.365430, N9, N16, 370.9832766056061, 316, 300, 10.141010765621553, True, False, 10000, 100, 10000, 1000, 95, 10, 30, 50, 50, 0.4, 3, 100, 10, 500, 1000, 1000, 25
2021-06-16 12:36:51.382613, N17, N28, 100.37340021133423, 101, 100, -3.156823615477071, True, True, 10000, 100, 10000, 1000, 95, 10, 30, 50, 50, 0.4, 3, 100, 10, 500, 1000, 1000, 25
2021-06-16 12:38:31.784968, N10, N26, 109.31435465812683, 104, 100, 2.9378963403517004, True, True, 10000, 100, 10000, 1000, 95, 10, 30, 50, 50, 0.4, 3, 100, 10, 500, 1000, 1000, 25
2021-06-16 12:40:21.126245, N18, N29, 374.14518690109253, 311, 300, 22.429053403890126, False, False, 10000, 100, 10000, 1000, 95, 10, 30, 50, 50, 0.4, 3, 100, 10, 500, 1000, 1000, 25
2021-06-16 12:46:35.308307, N18, N4, 111.8396487236023, 105, 100, 6.9754063536287, True, True, 10000, 100, 10000, 1000, 95, 10, 30, 50, 50, 0.4, 3, 100, 10, 500, 1000, 1000, 25
2021-06-16 12:48:27.201811, N20, N12, 400.94247341156006, 326, 300, 16.41665179126258, False, False, 10000, 100, 10000, 1000, 95, 10, 30, 50, 50, 0.4, 3, 100, 10, 500, 1000, 1000, 25
2021-06-16 12:55:08.195655, N3, N14, 100.1014187335968, 102, 100, -1.6594235969859468, True, True, 10000, 100, 10000, 1000, 95, 10, 30, 50, 50, 0.4, 3, 100, 10, 500, 1000, 1000, 25
2021-06-16 12:56:48.369883, N12, N5, 379.6645426750183, 314, 300, 17.151498733690165, False, False, 10000, 100, 10000, 1000, 95, 10, 30, 50, 50, 0.4, 3, 100, 10, 500, 1000, 1000, 25
2021-06-16 13:03:08.047381, N30, N5, 401.9171760082245, 307, 300, 12.776159943201975, False, True, 10000, 100, 10000, 1000, 95, 10, 30, 50, 50, 0.4, 3, 100, 10, 500, 1000, 1000, 25
2021-06-16 13:09:49.976527, N21, N20, 116.29055213928223, 103, 100, 2.9363455301457555, True, True, 10000, 100, 10000, 1000, 95, 10, 30, 50, 50, 0.4, 3, 100, 10, 500, 1000, 1000, 25
2021-06-16 13:11:46.273053, N17, N8, 117.89367747306824, 102, 100, -1.5636544698542445, True, True, 10000, 100, 10000, 1000, 95, 10, 30, 50, 50, 0.4, 3, 100, 10, 500, 1000, 1000, 25
2021-06-16 13:13:44.170708, N23, N17, 380.67304253578186, 310, 300, 10.533987926688674, True, False, 10000, 100, 10000, 1000, 95, 10, 30, 50, 50, 0.4, 3, 100, 10, 500, 1000, 1000, 25
2021-06-16 13:20:04.857695, N5, N6, 117.14295530319214, 101, 100, -3.1594235969859468, True, True, 10000, 100, 10000, 1000, 95, 10, 30, 50, 50, 0.4, 3, 100, 10, 500, 1000, 1000, 25
2021-06-16 13:22:02.020583, N9, N11, 803.2126047611237, 677, 300, 21.469593987294736, False, False, 10000, 100, 10000, 1000, 95, 10, 30, 50, 50, 0.4, 3, 100, 10, 500, 1000, 1000, 25
2021-06-16 13:35:25.240165, N7, N3, 123.24664092063904, 108, 100, 7.239851975451603, True, True, 10000, 100, 10000, 1000, 95, 10, 30, 50, 50, 0.4, 3, 100, 10, 500, 1000, 1000, 25
2021-06-16 13:37:28.501229, N4, N3, 104.90991878509521, 101, 100, -3.1594235969859468, True, True, 10000, 100, 10000, 1000, 95, 10, 30, 50, 50, 0.4, 3, 100, 10, 500, 1000, 1000, 25
2021-06-16 13:39:13.443090, N15, N17, 394.81976222991943, 312, 300, 10.409085434175033, True, False, 10000, 100, 10000, 1000, 95, 10, 30, 50, 50, 0.4, 3, 100, 10, 500, 1000, 1000, 25
2021-06-16 13:45:48.316770, N4, N13, 85.93736863136292, 101, 100, -3.088649336630917, True, True, 10000, 100, 10000, 1000, 95, 10, 30, 50, 50, 0.4, 3, 100, 10, 500, 1000, 1000, 25
2021-06-16 13:47:14.310062, N9, N6, 83.46464037895203, 101, 100, 0.7022596153846155, True, True, 10000, 100, 10000, 1000, 95, 10, 30, 50, 50, 0.4, 3, 100, 10, 500, 1000, 1000, 25
2021-06-16 13:48:37.834622, N14, N16, 95.5924859046936, 105, 100, -1.0078587048851018, True, True, 10000, 100, 10000, 1000, 95, 10, 30, 50, 50, 0.4, 3, 100, 10, 500, 1000, 1000, 25
2021-06-16 13:50:13.459066, N12, N8, 87.84286046028137, 101, 100, -3.088649336630917, True, True, 10000, 100, 10000, 1000, 95, 10, 30, 50, 50, 0.4, 3, 100, 10, 500, 1000, 1000, 25
2021-06-16 13:51:41.349857, N16, N29, 350.67223501205444, 322, 300, 17.9390607877357, False, False, 10000, 100, 10000, 1000, 95, 10, 30, 50, 50, 0.4, 3, 100, 10, 500, 1000, 1000, 25
2021-06-16 13:57:32.082010, N23, N29, 86.7602710723877, 101, 100, -1.589280290772929, True, True, 10000, 100, 10000, 1000, 95, 10, 30, 50, 50, 0.4, 3, 100, 10, 500, 1000, 1000, 25
2021-06-16 13:58:58.866219, N26, N25, 95.45267963409424, 105, 100, 2.992029029679501, True, True, 10000, 100, 10000, 1000, 95, 10, 30, 50, 50, 0.4, 3, 100, 10, 500, 1000, 1000, 25
2021-06-16 14:00:34.350850, N25, N6, 157.73759174346924, 176, 100, 7.399288349452044, True, True, 10000, 100, 10000, 1000, 95, 10, 30, 50, 50, 0.4, 3, 100, 10, 500, 1000, 1000, 25
2021-06-16 14:03:12.172331, N26, N23, 418.61006474494934, 436, 300, 14.608878269275738, False, True, 10000, 100, 10000, 1000, 95, 10, 30, 50, 50, 0.4, 3, 100, 10, 500, 1000, 1000, 25
2021-06-16 14:10:10.810328, N4, N26, 91.90543723106384, 103, 100, 2.473323220809916, True, True, 10000, 100, 10000, 1000, 95, 10, 30, 50, 50, 0.4, 3, 100, 10, 500, 1000, 1000, 25
2021-06-16 14:11:42.767697, N3, N6, 711.3612213134766, 698, 300, 10.30769180124581, True, False, 10000, 100, 10000, 1000, 95, 10, 30, 50, 50, 0.4, 3, 100, 10, 500, 1000, 1000, 25
2021-06-16 14:23:34.194715, N5, N30, 98.80396556854248, 109, 100, 7.397618289397024, True, True, 10000, 100, 10000, 1000, 95, 10, 30, 50, 50, 0.4, 3, 100, 10, 500, 1000, 1000, 25
2021-06-16 14:25:13.054475, N4, N7, 99.94887495040894, 106, 100, 7.247618289397024, True, True, 10000, 100, 10000, 1000, 95, 10, 30, 50, 50, 0.4, 3, 100, 10, 500, 1000, 1000, 25
2021-06-16 14:26:53.060200, N29, N8, 334.134996175766, 315, 300, 16.136904748394397, False, False, 10000, 100, 10000, 1000, 95, 10, 30, 50, 50, 0.4, 3, 100, 10, 500, 1000, 1000, 25
2021-06-16 14:32:27.252069, N23, N29, 82.98122668266296, 101, 100, -1.5874794378698225, True, True, 10000, 100, 10000, 1000, 95, 10, 30, 50, 50, 0.4, 3, 100, 10, 500, 1000, 1000, 25
2021-06-16 14:33:50.285129, N9, N18, 303.5966098308563, 313, 300, 25.88034143217899, False, False, 10000, 100, 10000, 1000, 95, 10, 30, 50, 50, 0.4, 3, 100, 10, 500, 1000, 1000, 25
2021-06-16 14:38:53.935595, N4, N20, 597.2757248878479, 654, 300, 8.590907575663918, True, False, 10000, 100, 10000, 1000, 95, 10, 30, 50, 50, 0.4, 3, 100, 10, 500, 1000, 1000, 25
2021-06-16 14:48:51.269197, N26, N29, 316.30505180358887, 310, 300, 20.75445632455611, False, False, 10000, 100, 10000, 1000, 95, 10, 30, 50, 50, 0.4, 3, 100, 10, 500, 1000, 1000, 25
2021-06-16 14:54:07.628274, N28, N27, 319.25470876693726, 312, 300, 17.296703164150493, False, False, 10000, 100, 10000, 1000, 95, 10, 30, 50, 50, 0.4, 3, 100, 10, 500, 1000, 1000, 25
2021-06-16 14:59:26.929833, N29, N9, 86.42509293556213, 102, 100, 2.474126273953118, True, True, 10000, 100, 10000, 1000, 95, 10, 30, 50, 50, 0.4, 3, 100, 10, 500, 1000, 1000, 25
2021-06-16 15:00:53.411744, N17, N13, 82.26813077926636, 101, 100, -3.0874794378698223, True, True, 10000, 100, 10000, 1000, 95, 10, 30, 50, 50, 0.4, 3, 100, 10, 500, 1000, 1000, 25
2021-06-16 15:02:15.704826, N23, N14, 323.1922388076782, 313, 300, 10.51922564616515, True, False, 10000, 100, 10000, 1000, 95, 10, 30, 50, 50, 0.4, 3, 100, 10, 500, 1000, 1000, 25
2021-06-16 15:07:38.961875, N20, N10, 106.86841034889221, 110, 100, 11.397736580989822, True, True, 10000, 100, 10000, 1000, 95, 10, 30, 50, 50, 0.4, 3, 100, 10, 500, 1000, 1000, 25
2021-06-16 15:09:25.870180, N11, N30, 84.58793258666992, 102, 100, -1.5874794378698225, True, True, 10000, 100, 10000, 1000, 95, 10, 30, 50, 50, 0.4, 3, 100, 10, 500, 1000, 1000, 25
2021-06-16 14:58:33.123636, N3, N8, 84.46027183532715, 101, 100, -1.85821375970784, True, True, 10000, 100, 10000, 1000, 95, 10, 30, 50, 50, 0.4, 3, 100, 10, 500, 1000, 1000, 25
2021-06-16 14:59:57.631780, N26, N15, 568.0069899559021, 555, 300, 19.993615468713365, False, False, 10000, 100, 10000, 1000, 95, 10, 30, 50, 50, 0.4, 3, 100, 10, 500, 1000, 1000, 25
2021-06-16 15:09:25.665698, N25, N20, 525.8135271072388, 515, 300, 18.68646442060262, False, False, 10000, 100, 10000, 1000, 95, 10, 30, 50, 50, 0.4, 3, 100, 10, 500, 1000, 1000, 25
2021-06-16 15:18:11.534077, N30, N18, 100.21520018577576, 110, 100, 7.323200983241804, True, True, 10000, 100, 10000, 1000, 95, 10, 30, 50, 50, 0.4, 3, 100, 10, 500, 1000, 1000, 25
2021-06-16 15:19:51.801104, N16, N8, 87.03140211105347, 101, 100, -1.2143943795482164, True, True, 10000, 100, 10000, 1000, 95, 10, 30, 50, 50, 0.4, 3, 100, 10, 500, 1000, 1000, 25
2021-06-16 15:21:18.925258, N5, N17, 347.38860988616943, 319, 300, 17.27030544540334, False, False, 10000, 100, 10000, 1000, 95, 10, 30, 50, 50, 0.4, 3, 100, 10, 500, 1000, 1000, 25
2021-06-16 15:27:06.342779, N27, N28, 322.4821379184723, 315, 300, 17.95301542850138, False, False, 10000, 100, 10000, 1000, 95, 10, 30, 50, 50, 0.4, 3, 100, 10, 500, 1000, 1000, 25
2021-06-16 15:32:28.876749, N28, N29, 323.79066920280457, 313, 300, 18.68786391334986, False, False, 10000, 100, 10000, 1000, 95, 10, 30, 50, 50, 0.4, 3, 100, 10, 500, 1000, 1000, 25
2021-06-16 15:37:52.710273, N27, N15, 84.37250804901123, 102, 100, -1.85821375970784, True, True, 10000, 100, 10000, 1000, 95, 10, 30, 50, 50, 0.4, 3, 100, 10, 500, 1000, 1000, 25
2021-06-16 15:39:17.167553, N10, N4, 82.44964790344238, 101, 100, -3.35821375970784, True, True, 10000, 100, 10000, 1000, 95, 10, 30, 50, 50, 0.4, 3, 100, 10, 500, 1000, 1000, 25
2021-06-16 15:40:39.668091, N12, N5, 112.45545315742493, 117, 100, 7.483321909742176, True, True, 10000, 100, 10000, 1000, 95, 10, 30, 50, 50, 0.4, 3, 100, 10, 500, 1000, 1000, 25
2021-06-16 15:42:32.177371, N21, N8, 89.28042197227478, 103, 100, 2.7845706505732024, True, True, 10000, 100, 10000, 1000, 95, 10, 30, 50, 50, 0.4, 3, 100, 10, 500, 1000, 1000, 25
2021-06-16 15:44:01.502643, N16, N15, 98.05094981193542, 108, 100, 7.203590195405547, True, True, 10000, 100, 10000, 1000, 95, 10, 30, 50, 50, 0.4, 3, 100, 10, 500, 1000, 1000, 25
2021-06-16 15:45:39.603487, N29, N27, 81.87919855117798, 101, 100, -3.359365664293639, True, True, 10000, 100, 10000, 1000, 95, 10, 30, 50, 50, 0.4, 3, 100, 10, 500, 1000, 1000, 25
2021-06-16 15:47:01.536484, N13, N26, 94.39380121231079, 102, 100, 2.2845706505732024, True, True, 10000, 100, 10000, 1000, 95, 10, 30, 50, 50, 0.4, 3, 100, 10, 500, 1000, 1000, 25
2021-06-16 15:48:35.987135, N4, N23, 111.79225158691406, 118, 100, 7.4721786608899885, True, True, 10000, 100, 10000, 1000, 95, 10, 30, 50, 50, 0.4, 3, 100, 10, 500, 1000, 1000, 25
2021-06-16 15:50:27.831247, N5, N21, 102.73424577713013, 106, 100, 3.1208563193267915, True, True, 10000, 100, 10000, 1000, 95, 10, 30, 50, 50, 0.4, 3, 100, 10, 500, 1000, 1000, 25
2021-06-16 15:52:10.620416, N3, N29, 323.9681284427643, 313, 300, 17.95297433516572, False, False, 10000, 100, 10000, 1000, 95, 10, 30, 50, 50, 0.4, 3, 100, 10, 500, 1000, 1000, 25
2021-06-16 15:57:34.623428, N10, N14, 84.34159111976624, 101, 100, -1.8593656642936391, True, True, 10000, 100, 10000, 1000, 95, 10, 30, 50, 50, 0.4, 3, 100, 10, 500, 1000, 1000, 25
2021-06-16 15:58:59.015883, N10, N11, 85.60122442245483, 101, 100, -1.7154293494267974, True, True, 10000, 100, 10000, 1000, 95, 10, 30, 50, 50, 0.4, 3, 100, 10, 500, 1000, 1000, 25
2021-06-16 16:00:24.698915, N20, N12, 327.7211079597473, 313, 300, 17.937964695441508, False, False, 10000, 100, 10000, 1000, 95, 10, 30, 50, 50, 0.4, 3, 100, 10, 500, 1000, 1000, 25
2021-06-16 16:05:52.485844, N25, N8, 82.10157608985901, 101, 100, -3.3504298469859473, True, True, 10000, 100, 10000, 1000, 95, 10, 30, 50, 50, 0.4, 3, 100, 10, 500, 1000, 1000, 25
2021-06-16 16:07:14.642275, N13, N8, 86.0689709186554, 102, 100, -1.7074443608624024, True, True, 10000, 100, 10000, 1000, 95, 10, 30, 50, 50, 0.4, 3, 100, 10, 500, 1000, 1000, 25
2021-06-16 16:08:40.751139, N5, N10, 124.55611419677734, 126, 100, 7.556348466754459, True, True, 10000, 100, 10000, 1000, 95, 10, 30, 50, 50, 0.4, 3, 100, 10, 500, 1000, 1000, 25
2021-06-16 16:10:45.368091, N20, N16, 101.73310732841492, 110, 100, 7.356966837146389, True, True, 10000, 100, 10000, 1000, 95, 10, 30, 50, 50, 0.4, 3, 100, 10, 500, 1000, 1000, 25
2021-06-16 16:12:27.160041, N10, N28, 83.83397436141968, 101, 100, -1.7487515625, True, True, 10000, 100, 10000, 1000, 95, 10, 30, 50, 50, 0.4, 3, 100, 10, 500, 1000, 1000, 25
2021-06-16 16:13:51.064826, N6, N18, 359.01649594306946, 335, 300, 20.471124453173086, False, False, 10000, 100, 10000, 1000, 95, 10, 30, 50, 50, 0.4, 3, 100, 10, 500, 1000, 1000, 25
2021-06-16 16:19:50.140137, N16, N29, 107.82382893562317, 114, 100, 7.492323197621171, True, True, 10000, 100, 10000, 1000, 95, 10, 30, 50, 50, 0.4, 3, 100, 10, 500, 1000, 1000, 25
2021-06-16 16:21:38.039765, N9, N4, 600.1630368232727, 589, 300, 10.477171682469658, False, True, 10000, 100, 10000, 1000, 95, 10, 30, 50, 50, 0.4, 3, 100, 10, 500, 1000, 1000, 25
2021-06-16 16:31:38.232692, N5, N15, 84.77044463157654, 102, 100, -1.7487515625, True, True, 10000, 100, 10000, 1000, 95, 10, 30, 50, 50, 0.4, 3, 100, 10, 500, 1000, 1000, 25
2021-06-16 16:33:03.056992, N5, N25, 747.2159955501556, 809, 300, 9.371557955515149, True, False, 10000, 100, 10000, 1000, 95, 10, 30, 50, 50, 0.4, 3, 100, 10, 500, 1000, 1000, 25
2021-06-16 16:45:30.359754, N4, N6, 329.50240325927734, 311, 300, 10.533138487818272, True, False, 10000, 100, 10000, 1000, 95, 10, 30, 50, 50, 0.4, 3, 100, 10, 500, 1000, 1000, 25
2021-06-16 16:50:59.927976, N7, N13, 93.65370440483093, 106, 100, 7.188122660153809, True, True, 10000, 100, 10000, 1000, 95, 10, 30, 50, 50, 0.4, 3, 100, 10, 500, 1000, 1000, 25
2021-06-16 16:52:33.643517, N27, N5, 82.44665431976318, 101, 100, -3.2487515625000003, True, True, 10000, 100, 10000, 1000, 95, 10, 30, 50, 50, 0.4, 3, 100, 10, 500, 1000, 1000, 25
2021-06-16 16:53:56.117072, N11, N29, 362.2089364528656, 330, 300, 15.99997060701924, False, False, 10000, 100, 10000, 1000, 95, 10, 30, 50, 50, 0.4, 3, 100, 10, 500, 1000, 1000, 25
2021-06-16 16:59:58.382909, N6, N4, 114.5139799118042, 115, 100, 7.726310158742203, True, True, 10000, 100, 10000, 1000, 95, 10, 30, 50, 50, 0.4, 3, 100, 10, 500, 1000, 1000, 25
2021-06-16 17:01:52.932764, N12, N10, 83.82596898078918, 101, 100, -1.7492793662167159, True, True, 10000, 100, 10000, 1000, 95, 10, 30, 50, 50, 0.4, 3, 100, 10, 500, 1000, 1000, 25
2021-06-16 17:03:16.816550, N30, N18, 97.29596948623657, 105, 100, 7.368974711435274, True, True, 10000, 100, 10000, 1000, 95, 10, 30, 50, 50, 0.4, 3, 100, 10, 500, 1000, 1000, 25
2021-06-16 17:04:54.200283, N11, N16, 88.26909375190735, 103, 100, -1.1244599143346439, True, True, 10000, 100, 10000, 1000, 95, 10, 30, 50, 50, 0.4, 3, 100, 10, 500, 1000, 1000, 25
2021-06-16 17:06:22.525227, N27, N29, 82.01979351043701, 101, 100, -3.249279366216716, True, True, 10000, 100, 10000, 1000, 95, 10, 30, 50, 50, 0.4, 3, 100, 10, 500, 1000, 1000, 25
2021-06-16 17:07:44.601869, N3, N15, 751.8100438117981, 789, 300, 8.502324154090877, True, False, 10000, 100, 10000, 1000, 95, 10, 30, 50, 50, 0.4, 3, 100, 10, 500, 1000, 1000, 25
2021-06-16 17:20:16.466806, N26, N10, 92.54258561134338, 103, 100, 2.875540085665356, True, True, 10000, 100, 10000, 1000, 95, 10, 30, 50, 50, 0.4, 3, 100, 10, 500, 1000, 1000, 25
2021-06-16 17:21:49.069307, N6, N12, 344.60685753822327, 323, 300, 16.489806938729892, False, False, 10000, 100, 10000, 1000, 95, 10, 30, 50, 50, 0.4, 3, 100, 10, 500, 1000, 1000, 25
2021-06-16 17:27:33.712117, N27, N18, 346.1686487197876, 318, 300, 20.187848620280658, False, False, 10000, 100, 10000, 1000, 95, 10, 30, 50, 50, 0.4, 3, 100, 10, 500, 1000, 1000, 25
2021-06-16 17:33:19.944709, N17, N21, 101.0492115020752, 104, 100, 2.9378597975785925, True, True, 10000, 100, 10000, 1000, 95, 10, 30, 50, 50, 0.4, 3, 100, 10, 500, 1000, 1000, 25
2021-06-16 17:35:01.021851, N30, N14, 101.02124619483948, 106, 100, -1.1246037847540902, True, True, 10000, 100, 10000, 1000, 95, 10, 30, 50, 50, 0.4, 3, 100, 10, 500, 1000, 1000, 25
2021-06-16 17:36:42.063099, N3, N4, 85.69366455078125, 101, 100, -3.249471433524408, True, True, 10000, 100, 10000, 1000, 95, 10, 30, 50, 50, 0.4, 3, 100, 10, 500, 1000, 1000, 25
2021-06-16 17:38:07.836687, N10, N14, 87.99066472053528, 102, 100, -1.749471433524408, True, True, 10000, 100, 10000, 1000, 95, 10, 30, 50, 50, 0.4, 3, 100, 10, 500, 1000, 1000, 25
2021-06-16 17:39:35.887238, N8, N17, 89.9360363483429, 102, 100, -1.6246037847540902, True, True, 10000, 100, 10000, 1000, 95, 10, 30, 50, 50, 0.4, 3, 100, 10, 500, 1000, 1000, 25
2021-06-16 17:41:05.879193, N13, N7, 96.31555557250977, 106, 100, 7.187764003855277, True, True, 10000, 100, 10000, 1000, 95, 10, 30, 50, 50, 0.4, 3, 100, 10, 500, 1000, 1000, 25
2021-06-16 17:42:42.270615, N4, N29, 347.7161777019501, 316, 300, 18.754063304466857, False, False, 10000, 100, 10000, 1000, 95, 10, 30, 50, 50, 0.4, 3, 100, 10, 500, 1000, 1000, 25
2021-06-16 17:48:30.010728, N29, N26, 365.7920970916748, 330, 300, 18.96977768926771, False, False, 10000, 100, 10000, 1000, 95, 10, 30, 50, 50, 0.4, 3, 100, 10, 500, 1000, 1000, 25
2021-06-16 17:54:35.830790, N20, N9, 88.62578797340393, 102, 100, 2.4368042993280743, True, True, 10000, 100, 10000, 1000, 95, 10, 30, 50, 50, 0.4, 3, 100, 10, 500, 1000, 1000, 25
2021-06-16 17:56:04.512464, N6, N13, 336.21551871299744, 346, 300, 9.621542487341015, False, True, 10000, 100, 10000, 1000, 95, 10, 30, 50, 50, 0.4, 3, 100, 10, 500, 1000, 1000, 25
2021-06-16 18:01:40.787934, N9, N4, 380.4644947052002, 369, 300, 22.742384199945317, False, False, 10000, 100, 10000, 1000, 95, 10, 30, 50, 50, 0.4, 3, 100, 10, 500, 1000, 1000, 25
2021-06-16 18:08:01.296371, N11, N6, 341.17690086364746, 313, 300, 18.632777529777215, False, False, 10000, 100, 10000, 1000, 95, 10, 30, 50, 50, 0.4, 3, 100, 10, 500, 1000, 1000, 25
2021-06-16 18:13:42.529163, N15, N27, 87.10777759552002, 102, 100, -1.6586566776072484, True, True, 10000, 100, 10000, 1000, 95, 10, 30, 50, 50, 0.4, 3, 100, 10, 500, 1000, 1000, 25
2021-06-16 18:15:09.740832, N27, N6, 84.7110047340393, 101, 100, -3.1586566776072487, True, True, 10000, 100, 10000, 1000, 95, 10, 30, 50, 50, 0.4, 3, 100, 10, 500, 1000, 1000, 25
2021-06-16 18:16:34.507761, N11, N25, 86.94002795219421, 102, 100, -3.1586566776072487, True, True, 10000, 100, 10000, 1000, 95, 10, 30, 50, 50, 0.4, 3, 100, 10, 500, 1000, 1000, 25
2021-06-16 18:18:01.503713, N11, N23, 322.3329439163208, 306, 300, 11.510858726657256, True, False, 10000, 100, 10000, 1000, 95, 10, 30, 50, 50, 0.4, 3, 100, 10, 500, 1000, 1000, 25
2021-06-16 18:23:23.868581, N17, N3, 80.8588969707489, 100, 100, -3.15724275147929, True, True, 10000, 100, 10000, 1000, 95, 10, 30, 50, 50, 0.4, 3, 100, 10, 500, 1000, 1000, 25
2021-06-16 18:24:44.808261, N27, N21, 93.23881101608276, 106, 100, 3.2252747171072222, True, True, 10000, 100, 10000, 1000, 95, 10, 30, 50, 50, 0.4, 3, 100, 10, 500, 1000, 1000, 25
2021-06-16 18:26:18.100927, N5, N12, 331.7623362541199, 320, 300, 16.48992074603182, False, False, 10000, 100, 10000, 1000, 95, 10, 30, 50, 50, 0.4, 3, 100, 10, 500, 1000, 1000, 25
2021-06-16 18:31:49.885204, N14, N25, 86.16770935058594, 103, 100, -1.5623527987596721, True, True, 10000, 100, 10000, 1000, 95, 10, 30, 50, 50, 0.4, 3, 100, 10, 500, 1000, 1000, 25
2021-06-16 18:33:16.101808, N26, N13, 85.01877927780151, 102, 100, 2.4376472012403276, True, True, 10000, 100, 10000, 1000, 95, 10, 30, 50, 50, 0.4, 3, 100, 10, 500, 1000, 1000, 25
2021-06-16 18:34:41.178433, N10, N21, 84.82829165458679, 101, 100, 2.4376472012403276, True, True, 10000, 100, 10000, 1000, 95, 10, 30, 50, 50, 0.4, 3, 100, 10, 500, 1000, 1000, 25
2021-06-16 18:36:06.036615, N16, N30, 81.33662009239197, 101, 100, -3.15724275147929, True, True, 10000, 100, 10000, 1000, 95, 10, 30, 50, 50, 0.4, 3, 100, 10, 500, 1000, 1000, 25
2021-06-16 18:37:27.430082, N14, N18, 82.62517642974854, 101, 100, 6.34275724852071, True, True, 10000, 100, 10000, 1000, 95, 10, 30, 50, 50, 0.4, 3, 100, 10, 500, 1000, 1000, 25
2021-06-16 18:38:50.114102, N13, N25, 80.97159719467163, 101, 100, -3.15724275147929, True, True, 10000, 100, 10000, 1000, 95, 10, 30, 50, 50, 0.4, 3, 100, 10, 500, 1000, 1000, 25
2021-06-16 18:40:11.139586, N8, N17, 86.31132650375366, 103, 100, -1.5623527987596721, True, True, 10000, 100, 10000, 1000, 95, 10, 30, 50, 50, 0.4, 3, 100, 10, 500, 1000, 1000, 25
2021-06-16 18:41:37.505731, N26, N9, 323.71783542633057, 314, 300, 23.033986554524734, False, False, 10000, 100, 10000, 1000, 95, 10, 30, 50, 50, 0.4, 3, 100, 10, 500, 1000, 1000, 25
2021-06-16 18:47:01.283434, N21, N16, 86.17172574996948, 103, 100, 2.4360922633207216, True, True, 10000, 100, 10000, 1000, 95, 10, 30, 50, 50, 0.4, 3, 100, 10, 500, 1000, 1000, 25
2021-06-16 18:48:27.516968, N15, N28, 329.52135705947876, 323, 300, 6.642854476513998, True, False, 10000, 100, 10000, 1000, 95, 10, 30, 50, 50, 0.4, 3, 100, 10, 500, 1000, 1000, 25
2021-06-16 18:53:57.117051, N29, N11, 384.876416683197, 380, 300, 18.742382520665963, False, False, 10000, 100, 10000, 1000, 95, 10, 30, 50, 50, 0.4, 3, 100, 10, 500, 1000, 1000, 25
2021-06-16 19:00:22.051279, N21, N23, 86.4748899936676, 103, 100, 2.4360922633207216, True, True, 10000, 100, 10000, 1000, 95, 10, 30, 50, 50, 0.4, 3, 100, 10, 500, 1000, 1000, 25
2021-06-16 19:01:48.584011, N12, N21, 87.78738164901733, 104, 100, 2.473503092529297, True, True, 10000, 100, 10000, 1000, 95, 10, 30, 50, 50, 0.4, 3, 100, 10, 500, 1000, 1000, 25
2021-06-16 19:03:16.427244, N9, N20, 86.32927799224854, 102, 100, 2.473503092529297, True, True, 10000, 100, 10000, 1000, 95, 10, 30, 50, 50, 0.4, 3, 100, 10, 500, 1000, 1000, 25
2021-06-16 19:04:42.800403, N27, N3, 333.98439717292786, 317, 300, 18.66208786827748, False, False, 10000, 100, 10000, 1000, 95, 10, 30, 50, 50, 0.4, 3, 100, 10, 500, 1000, 1000, 25
2021-06-16 19:10:16.834666, N4, N28, 81.82135486602783, 101, 100, -3.088878515625, True, True, 10000, 100, 10000, 1000, 95, 10, 30, 50, 50, 0.4, 3, 100, 10, 500, 1000, 1000, 25
2021-06-16 19:11:38.709846, N30, N23, 92.52372360229492, 106, 100, 6.992100609460296, True, True, 10000, 100, 10000, 1000, 95, 10, 30, 50, 50, 0.4, 3, 100, 10, 500, 1000, 1000, 25
2021-06-16 19:13:11.284432, N15, N5, 82.81466603279114, 101, 100, -1.5888785156249998, True, True, 10000, 100, 10000, 1000, 95, 10, 30, 50, 50, 0.4, 3, 100, 10, 500, 1000, 1000, 25
2021-06-16 19:14:34.158969, N15, N18, 302.15247082710266, 312, 300, 21.242422589007393, False, False, 10000, 100, 10000, 1000, 95, 10, 30, 50, 50, 0.4, 3, 100, 10, 500, 1000, 1000, 25
2021-06-16 19:19:36.367262, N7, N18, 307.2049660682678, 318, 300, 10.580882349047371, True, False, 10000, 100, 10000, 1000, 95, 10, 30, 50, 50, 0.4, 3, 100, 10, 500, 1000, 1000, 25
2021-06-16 19:24:43.627081, N27, N26, 322.775354385376, 316, 300, 21.518176272129473, False, False, 10000, 100, 10000, 1000, 95, 10, 30, 50, 50, 0.4, 3, 100, 10, 500, 1000, 1000, 25
2021-06-16 19:30:06.459283, N7, N9, 87.49316620826721, 103, 100, 2.973503092529297, True, True, 10000, 100, 10000, 1000, 95, 10, 30, 50, 50, 0.4, 3, 100, 10, 500, 1000, 1000, 25
2021-06-16 19:31:34.009297, N14, N13, 81.61886835098267, 101, 100, -3.0846865962463017, True, True, 10000, 100, 10000, 1000, 95, 10, 30, 50, 50, 0.4, 3, 100, 10, 500, 1000, 1000, 25
2021-06-16 19:32:55.692988, N13, N10, 81.6148784160614, 101, 100, -3.0846865962463017, True, True, 10000, 100, 10000, 1000, 95, 10, 30, 50, 50, 0.4, 3, 100, 10, 500, 1000, 1000, 25
2021-06-16 19:34:17.343769, N20, N15, 82.15343761444092, 101, 100, -3.0846865962463017, True, True, 10000, 100, 10000, 1000, 95, 10, 30, 50, 50, 0.4, 3, 100, 10, 500, 1000, 1000, 25
2021-06-16 19:35:39.552060, N17, N21, 92.1307737827301, 105, 100, 2.992828180416216, True, True, 10000, 100, 10000, 1000, 95, 10, 30, 50, 50, 0.4, 3, 100, 10, 500, 1000, 1000, 25
2021-06-16 19:37:11.735690, N15, N27, 84.41140508651733, 102, 100, -1.584686596246302, True, True, 10000, 100, 10000, 1000, 95, 10, 30, 50, 50, 0.4, 3, 100, 10, 500, 1000, 1000, 25
2021-06-16 19:38:36.177013, N18, N5, 316.60484552383423, 311, 300, 21.37300090493743, False, False, 10000, 100, 10000, 1000, 95, 10, 30, 50, 50, 0.4, 3, 100, 10, 500, 1000, 1000, 25
2021-06-16 19:43:52.828734, N29, N9, 85.55135774612427, 102, 100, 2.4753553861981317, True, True, 10000, 100, 10000, 1000, 95, 10, 30, 50, 50, 0.4, 3, 100, 10, 500, 1000, 1000, 25
2021-06-16 19:45:18.452895, N4, N11, 85.57332420349121, 102, 100, -1.5246446138018686, True, True, 10000, 100, 10000, 1000, 95, 10, 30, 50, 50, 0.4, 3, 100, 10, 500, 1000, 1000, 25
2021-06-16 19:46:44.086031, N11, N7, 93.18495464324951, 106, 100, 7.242828180416216, True, True, 10000, 100, 10000, 1000, 95, 10, 30, 50, 50, 0.4, 3, 100, 10, 500, 1000, 1000, 25
2021-06-16 19:48:17.344788, N5, N14, 349.89886450767517, 317, 300, 16.7787653496492, False, False, 10000, 100, 10000, 1000, 95, 10, 30, 50, 50, 0.4, 3, 100, 10, 500, 1000, 1000, 25
2021-06-16 19:54:07.302493, N27, N21, 93.41038513183594, 105, 100, 3.242505332870326, True, True, 10000, 100, 10000, 1000, 95, 10, 30, 50, 50, 0.4, 3, 100, 10, 500, 1000, 1000, 25
2021-06-16 19:55:40.777672, N10, N20, 336.0977749824524, 319, 300, 18.68772881386493, False, False, 10000, 100, 10000, 1000, 95, 10, 30, 50, 50, 0.4, 3, 100, 10, 500, 1000, 1000, 25
2021-06-16 20:01:16.922294, N28, N27, 353.00317454338074, 325, 300, 17.259157385293502, False, False, 10000, 100, 10000, 1000, 95, 10, 30, 50, 50, 0.4, 3, 100, 10, 500, 1000, 1000, 25
2021-06-16 20:07:09.984384, N8, N11, 85.46197652816772, 101, 100, -3.0865717455621304, True, True, 10000, 100, 10000, 1000, 95, 10, 30, 50, 50, 0.4, 3, 100, 10, 500, 1000, 1000, 25
2021-06-16 20:08:35.502312, N5, N3, 347.9638476371765, 321, 300, 17.92074549977021, False, False, 10000, 100, 10000, 1000, 95, 10, 30, 50, 50, 0.4, 3, 100, 10, 500, 1000, 1000, 25
2021-06-16 15:12:19.223553, N29, N5, 81.90111088752747, 101, 100, -3.353281640625, True, True, 10000, 100, 10000, 1000, 95, 10, 30, 50, 50, 0.4, 3, 100, 10, 500, 1000, 1000, 25
2021-06-16 15:13:41.173560, N5, N25, 339.6403946876526, 314, 300, 17.149663298409973, False, False, 10000, 100, 10000, 1000, 95, 10, 30, 50, 50, 0.4, 3, 100, 10, 500, 1000, 1000, 25
2021-06-16 15:19:20.863814, N7, N9, 87.91805958747864, 103, 100, 2.7925556391375976, True, True, 10000, 100, 10000, 1000, 95, 10, 30, 50, 50, 0.4, 3, 100, 10, 500, 1000, 1000, 25
2021-06-16 15:20:48.839667, N30, N10, 81.99087023735046, 100, 100, -3.3504298469859473, True, True, 10000, 100, 10000, 1000, 95, 10, 30, 50, 50, 0.4, 3, 100, 10, 500, 1000, 1000, 25
2021-06-16 15:22:10.882396, N11, N14, 88.57926654815674, 104, 100, -1.2074443608624024, True, True, 10000, 100, 10000, 1000, 95, 10, 30, 50, 50, 0.4, 3, 100, 10, 500, 1000, 1000, 25
2021-06-16 15:23:39.519506, N13, N17, 81.55204463005066, 101, 100, -3.3504298469859473, True, True, 10000, 100, 10000, 1000, 95, 10, 30, 50, 50, 0.4, 3, 100, 10, 500, 1000, 1000, 25
2021-06-16 15:25:01.128399, N21, N7, 80.42306733131409, 101, 100, 0.40528846153846154, True, True, 10000, 100, 10000, 1000, 95, 10, 30, 50, 50, 0.4, 3, 100, 10, 500, 1000, 1000, 25
2021-06-16 15:26:21.583374, N6, N15, 81.88219022750854, 101, 100, -3.35368181397929, True, True, 10000, 100, 10000, 1000, 95, 10, 30, 50, 50, 0.4, 3, 100, 10, 500, 1000, 1000, 25
2021-06-16 15:27:43.534354, N28, N16, 90.90302681922913, 104, 100, -1.125090825539681, True, True, 10000, 100, 10000, 1000, 95, 10, 30, 50, 50, 0.4, 3, 100, 10, 500, 1000, 1000, 25
2021-06-16 15:29:14.492260, N20, N30, 94.10350060462952, 106, 100, 7.124909174460319, True, True, 10000, 100, 10000, 1000, 95, 10, 30, 50, 50, 0.4, 3, 100, 10, 500, 1000, 1000, 25
2021-06-16 15:30:48.692528, N20, N9, 85.93233919143677, 102, 100, 2.289661344282509, True, True, 10000, 100, 10000, 1000, 95, 10, 30, 50, 50, 0.4, 3, 100, 10, 500, 1000, 1000, 25
2021-06-16 15:32:14.676699, N12, N11, 82.44961714744568, 101, 100, -3.35368181397929, True, True, 10000, 100, 10000, 1000, 95, 10, 30, 50, 50, 0.4, 3, 100, 10, 500, 1000, 1000, 25
2021-06-16 15:33:37.177209, N3, N13, 82.00982308387756, 101, 100, -3.35368181397929, True, True, 10000, 100, 10000, 1000, 95, 10, 30, 50, 50, 0.4, 3, 100, 10, 500, 1000, 1000, 25
2021-06-16 15:34:59.218945, N8, N7, 91.86151885986328, 104, 100, 7.124909174460319, True, True, 10000, 100, 10000, 1000, 95, 10, 30, 50, 50, 0.4, 3, 100, 10, 500, 1000, 1000, 25
2021-06-16 15:36:31.136316, N21, N15, 86.49486255645752, 103, 100, 2.289661344282509, True, True, 10000, 100, 10000, 1000, 95, 10, 30, 50, 50, 0.4, 3, 100, 10, 500, 1000, 1000, 25
2021-06-16 15:37:57.647079, N14, N10, 83.31632924079895, 101, 100, -1.85368181397929, True, True, 10000, 100, 10000, 1000, 95, 10, 30, 50, 50, 0.4, 3, 100, 10, 500, 1000, 1000, 25
2021-06-16 15:39:20.977399, N12, N4, 86.80101585388184, 101, 100, -1.2099817751464845, True, True, 10000, 100, 10000, 1000, 95, 10, 30, 50, 50, 0.4, 3, 100, 10, 500, 1000, 1000, 25
2021-06-16 15:40:47.794348, N6, N13, 298.9480674266815, 310, 300, 15.149042380672247, False, True, 10000, 100, 10000, 1000, 95, 10, 30, 50, 50, 0.4, 3, 100, 10, 500, 1000, 1000, 25
2021-06-16 15:45:46.788256, N15, N21, 90.65568137168884, 102, 100, 2.2900182248535152, True, True, 10000, 100, 10000, 1000, 95, 10, 30, 50, 50, 0.4, 3, 100, 10, 500, 1000, 1000, 25
2021-06-16 15:47:17.467898, N28, N13, 85.0358407497406, 101, 100, -3.353281640625, True, True, 10000, 100, 10000, 1000, 95, 10, 30, 50, 50, 0.4, 3, 100, 10, 500, 1000, 1000, 25
2021-06-16 15:48:42.521669, N9, N27, 86.30334782600403, 102, 100, 2.2900182248535152, True, True, 10000, 100, 10000, 1000, 95, 10, 30, 50, 50, 0.4, 3, 100, 10, 500, 1000, 1000, 25
2021-06-16 15:50:08.889844, N15, N18, 324.29314732551575, 315, 300, 22.07248668622419, False, False, 10000, 100, 10000, 1000, 95, 10, 30, 50, 50, 0.4, 3, 100, 10, 500, 1000, 1000, 25
2021-06-16 15:55:33.239837, N17, N29, 326.4106373786926, 317, 300, 17.977748091485594, False, False, 10000, 100, 10000, 1000, 95, 10, 30, 50, 50, 0.4, 3, 100, 10, 500, 1000, 1000, 25
2021-06-16 16:00:59.681391, N27, N18, 629.0717487335205, 642, 300, 21.434473616103485, False, False, 10000, 100, 10000, 1000, 95, 10, 30, 50, 50, 0.4, 3, 100, 10, 500, 1000, 1000, 25
2021-06-16 16:11:28.808991, N28, N11, 87.52109050750732, 102, 100, -1.2099817751464845, True, True, 10000, 100, 10000, 1000, 95, 10, 30, 50, 50, 0.4, 3, 100, 10, 500, 1000, 1000, 25
2021-06-16 16:12:56.383937, N3, N15, 316.54600191116333, 314, 300, 19.49336460816362, False, False, 10000, 100, 10000, 1000, 95, 10, 30, 50, 50, 0.4, 3, 100, 10, 500, 1000, 1000, 25
2021-06-16 16:18:12.984793, N20, N9, 85.24916195869446, 101, 100, 2.37539621524591, True, True, 10000, 100, 10000, 1000, 95, 10, 30, 50, 50, 0.4, 3, 100, 10, 500, 1000, 1000, 25
2021-06-16 16:19:38.275871, N12, N27, 333.3919801712036, 317, 300, 17.294312156818513, False, False, 10000, 100, 10000, 1000, 95, 10, 30, 50, 50, 0.4, 3, 100, 10, 500, 1000, 1000, 25
2021-06-16 16:25:11.725695, N13, N27, 321.98848390579224, 318, 300, 7.488065201121861, True, False, 10000, 100, 10000, 1000, 95, 10, 30, 50, 50, 0.4, 3, 100, 10, 500, 1000, 1000, 25
2021-06-16 16:30:33.810864, N12, N5, 397.8067886829376, 412, 300, 8.602323042684304, True, False, 10000, 100, 10000, 1000, 95, 10, 30, 50, 50, 0.4, 3, 100, 10, 500, 1000, 1000, 25
2021-06-16 16:37:11.685508, N27, N8, 319.8491768836975, 313, 300, 18.724117914479184, False, False, 10000, 100, 10000, 1000, 95, 10, 30, 50, 50, 0.4, 3, 100, 10, 500, 1000, 1000, 25
2021-06-16 16:42:31.560640, N25, N20, 104.01401376724243, 110, 100, 7.4927725228471225, True, True, 10000, 100, 10000, 1000, 95, 10, 30, 50, 50, 0.4, 3, 100, 10, 500, 1000, 1000, 25
2021-06-16 16:44:15.602578, N11, N14, 88.15739154815674, 103, 100, -1.1208990485877626, True, True, 10000, 100, 10000, 1000, 95, 10, 30, 50, 50, 0.4, 3, 100, 10, 500, 1000, 1000, 25
2021-06-16 16:45:43.787867, N16, N20, 803.6980428695679, 868, 300, 8.823004076997936, False, True, 10000, 100, 10000, 1000, 95, 10, 30, 50, 50, 0.4, 3, 100, 10, 500, 1000, 1000, 25
2021-06-16 16:59:07.511840, N8, N4, 90.44525003433228, 105, 100, -1.1208990485877626, True, True, 10000, 100, 10000, 1000, 95, 10, 30, 50, 50, 0.4, 3, 100, 10, 500, 1000, 1000, 25
2021-06-16 17:00:38.011997, N12, N6, 625.4643878936768, 700, 300, 8.4904770244321, True, False, 10000, 100, 10000, 1000, 95, 10, 30, 50, 50, 0.4, 3, 100, 10, 500, 1000, 1000, 25
2021-06-16 17:11:03.536197, N14, N8, 90.00947332382202, 103, 100, -1.059781092054093, True, True, 10000, 100, 10000, 1000, 95, 10, 30, 50, 50, 0.4, 3, 100, 10, 500, 1000, 1000, 25
2021-06-16 17:12:33.580545, N14, N15, 336.4578125476837, 315, 300, 10.457143691098764, True, False, 10000, 100, 10000, 1000, 95, 10, 30, 50, 50, 0.4, 3, 100, 10, 500, 1000, 1000, 25
2021-06-16 17:18:10.088225, N18, N10, 102.20056247711182, 106, 100, 7.190218907945907, True, True, 10000, 100, 10000, 1000, 95, 10, 30, 50, 50, 0.4, 3, 100, 10, 500, 1000, 1000, 25
2021-06-16 17:19:52.355631, N5, N14, 342.54839611053467, 319, 300, 17.519048453003524, False, False, 10000, 100, 10000, 1000, 95, 10, 30, 50, 50, 0.4, 3, 100, 10, 500, 1000, 1000, 25
2021-06-16 17:25:34.931986, N21, N29, 96.20420122146606, 105, 100, 3.1902189079459067, True, True, 10000, 100, 10000, 1000, 95, 10, 30, 50, 50, 0.4, 3, 100, 10, 500, 1000, 1000, 25
2021-06-16 17:27:11.196106, N7, N28, 106.2024781703949, 113, 100, 7.36978762039434, True, True, 10000, 100, 10000, 1000, 95, 10, 30, 50, 50, 0.4, 3, 100, 10, 500, 1000, 1000, 25
2021-06-16 17:28:57.456245, N14, N20, 338.85856461524963, 311, 300, 14.608178121209471, True, False, 10000, 100, 10000, 1000, 95, 10, 30, 50, 50, 0.4, 3, 100, 10, 500, 1000, 1000, 25
2021-06-16 17:34:36.370767, N17, N6, 357.35931277275085, 323, 300, 17.224663414729456, False, False, 10000, 100, 10000, 1000, 95, 10, 30, 50, 50, 0.4, 3, 100, 10, 500, 1000, 1000, 25
2021-06-16 17:40:33.829944, N9, N5, 89.54056525230408, 102, 100, 2.377507087856843, True, True, 10000, 100, 10000, 1000, 95, 10, 30, 50, 50, 0.4, 3, 100, 10, 500, 1000, 1000, 25
2021-06-16 17:42:03.430425, N28, N10, 86.73231148719788, 101, 100, -1.746645941198225, True, True, 10000, 100, 10000, 1000, 95, 10, 30, 50, 50, 0.4, 3, 100, 10, 500, 1000, 1000, 25
2021-06-16 17:43:30.186700, N17, N23, 766.5615060329437, 810, 300, 8.502338967137975, True, False, 10000, 100, 10000, 1000, 95, 10, 30, 50, 50, 0.4, 3, 100, 10, 500, 1000, 1000, 25
2021-06-16 17:56:16.800082, N26, N14, 82.76160049438477, 101, 100, 0.5033653846153846, True, True, 10000, 100, 10000, 1000, 95, 10, 30, 50, 50, 0.4, 3, 100, 10, 500, 1000, 1000, 25
2021-06-16 17:57:39.613610, N27, N26, 315.5071430206299, 312, 300, 19.63639135770781, False, False, 10000, 100, 10000, 1000, 95, 10, 30, 50, 50, 0.4, 3, 100, 10, 500, 1000, 1000, 25
2021-06-16 18:02:55.184663, N25, N3, 84.09579801559448, 101, 100, -3.2466459411982247, True, True, 10000, 100, 10000, 1000, 95, 10, 30, 50, 50, 0.4, 3, 100, 10, 500, 1000, 1000, 25
2021-06-16 18:04:19.336415, N18, N4, 93.47531127929688, 105, 100, 6.974498319617639, True, True, 10000, 100, 10000, 1000, 95, 10, 30, 50, 50, 0.4, 3, 100, 10, 500, 1000, 1000, 25
2021-06-16 18:05:52.867682, N30, N10, 84.17971563339233, 101, 100, -3.1598461908284023, True, True, 10000, 100, 10000, 1000, 95, 10, 30, 50, 50, 0.4, 3, 100, 10, 500, 1000, 1000, 25
2021-06-16 18:07:17.067337, N26, N15, 356.52046513557434, 348, 300, 20.37932890761235, False, False, 10000, 100, 10000, 1000, 95, 10, 30, 50, 50, 0.4, 3, 100, 10, 500, 1000, 1000, 25
2021-06-16 18:13:13.627746, N11, N8, 84.55524492263794, 101, 100, -3.1598461908284023, True, True, 10000, 100, 10000, 1000, 95, 10, 30, 50, 50, 0.4, 3, 100, 10, 500, 1000, 1000, 25
2021-06-16 18:14:38.238885, N5, N13, 341.10887360572815, 318, 300, 17.98483180416859, False, False, 10000, 100, 10000, 1000, 95, 10, 30, 50, 50, 0.4, 3, 100, 10, 500, 1000, 1000, 25
2021-06-16 18:20:19.403579, N3, N30, 85.72988080978394, 102, 100, -1.5639077366792784, True, True, 10000, 100, 10000, 1000, 95, 10, 30, 50, 50, 0.4, 3, 100, 10, 500, 1000, 1000, 25
2021-06-16 18:21:45.195321, N13, N26, 84.33859944343567, 100, 100, 2.4378510917854292, True, True, 10000, 100, 10000, 1000, 95, 10, 30, 50, 50, 0.4, 3, 100, 10, 500, 1000, 1000, 25
2021-06-16 18:23:09.633625, N7, N15, 81.56201601028442, 101, 100, -3.1568997804178993, True, True, 10000, 100, 10000, 1000, 95, 10, 30, 50, 50, 0.4, 3, 100, 10, 500, 1000, 1000, 25
2021-06-16 18:24:31.233570, N13, N3, 81.83728456497192, 101, 100, -3.1568997804178993, True, True, 10000, 100, 10000, 1000, 95, 10, 30, 50, 50, 0.4, 3, 100, 10, 500, 1000, 1000, 25
2021-06-16 18:25:53.126701, N17, N11, 84.1560869216919, 103, 100, -1.6568997804178995, True, True, 10000, 100, 10000, 1000, 95, 10, 30, 50, 50, 0.4, 3, 100, 10, 500, 1000, 1000, 25
2021-06-16 18:27:17.334620, N13, N17, 81.04639720916748, 101, 100, -3.1568997804178993, True, True, 10000, 100, 10000, 1000, 95, 10, 30, 50, 50, 0.4, 3, 100, 10, 500, 1000, 1000, 25
2021-06-16 18:28:38.404953, N10, N15, 723.883385181427, 809, 300, 7.583318414529117, True, False, 10000, 100, 10000, 1000, 95, 10, 30, 50, 50, 0.4, 3, 100, 10, 500, 1000, 1000, 25
2021-06-16 18:40:42.347177, N13, N10, 81.69164395332336, 101, 100, -3.1568997804178993, True, True, 10000, 100, 10000, 1000, 95, 10, 30, 50, 50, 0.4, 3, 100, 10, 500, 1000, 1000, 25
2021-06-16 18:42:04.091706, N5, N25, 581.3891723155975, 589, 300, 18.74238657873596, False, False, 10000, 100, 10000, 1000, 95, 10, 30, 50, 50, 0.4, 3, 100, 10, 500, 1000, 1000, 25
2021-06-16 18:51:45.534719, N17, N16, 91.06362295150757, 103, 100, -1.062148908214571, True, True, 10000, 100, 10000, 1000, 95, 10, 30, 50, 50, 0.4, 3, 100, 10, 500, 1000, 1000, 25
2021-06-16 18:53:16.655191, N20, N3, 318.8847482204437, 311, 300, 19.476175557386256, False, False, 10000, 100, 10000, 1000, 95, 10, 30, 50, 50, 0.4, 3, 100, 10, 500, 1000, 1000, 25
2021-06-16 18:58:35.601775, N27, N13, 310.5899477005005, 315, 300, 19.5757160742192, False, False, 10000, 100, 10000, 1000, 95, 10, 30, 50, 50, 0.4, 3, 100, 10, 500, 1000, 1000, 25
2021-06-16 19:03:46.243583, N23, N16, 105.8620753288269, 117, 100, 7.245927574037271, True, True, 10000, 100, 10000, 1000, 95, 10, 30, 50, 50, 0.4, 3, 100, 10, 500, 1000, 1000, 25
2021-06-16 19:05:32.160484, N29, N17, 333.29124784469604, 323, 300, 17.984831900195267, False, False, 10000, 100, 10000, 1000, 95, 10, 30, 50, 50, 0.4, 3, 100, 10, 500, 1000, 1000, 25
2021-06-16 19:11:05.505587, N15, N26, 325.45818400382996, 324, 300, 19.85149856686193, False, False, 10000, 100, 10000, 1000, 95, 10, 30, 50, 50, 0.4, 3, 100, 10, 500, 1000, 1000, 25
2021-06-16 19:16:31.035611, N21, N11, 86.66338562965393, 102, 100, 2.9361844379267183, True, True, 10000, 100, 10000, 1000, 95, 10, 30, 50, 50, 0.4, 3, 100, 10, 500, 1000, 1000, 25
2021-06-16 19:17:57.753842, N25, N4, 82.25616455078125, 101, 100, -1.6596924556213017, True, True, 10000, 100, 10000, 1000, 95, 10, 30, 50, 50, 0.4, 3, 100, 10, 500, 1000, 1000, 25
2021-06-16 19:19:20.069819, N11, N16, 85.77178025245667, 101, 100, -1.0638155620732817, True, True, 10000, 100, 10000, 1000, 95, 10, 30, 50, 50, 0.4, 3, 100, 10, 500, 1000, 1000, 25
2021-06-16 19:20:45.896466, N7, N27, 87.5440616607666, 103, 100, -1.0638155620732817, True, True, 10000, 100, 10000, 1000, 95, 10, 30, 50, 50, 0.4, 3, 100, 10, 500, 1000, 1000, 25
2021-06-16 19:22:13.497316, N6, N17, 614.1456401348114, 628, 300, 9.590867589370713, True, False, 10000, 100, 10000, 1000, 95, 10, 30, 50, 50, 0.4, 3, 100, 10, 500, 1000, 1000, 25
2021-06-16 19:32:27.702823, N9, N16, 707.6477448940277, 743, 300, 10.382574032388554, True, False, 10000, 100, 10000, 1000, 95, 10, 30, 50, 50, 0.4, 3, 100, 10, 500, 1000, 1000, 25
2021-06-16 19:44:15.402403, N28, N11, 86.46291828155518, 102, 100, -1.025472071290396, True, True, 10000, 100, 10000, 1000, 95, 10, 30, 50, 50, 0.4, 3, 100, 10, 500, 1000, 1000, 25
2021-06-16 19:45:41.919178, N9, N25, 332.5263204574585, 315, 300, 21.582417458553564, False, False, 10000, 100, 10000, 1000, 95, 10, 30, 50, 50, 0.4, 3, 100, 10, 500, 1000, 1000, 25
2021-06-16 19:51:14.545232, N17, N20, 353.4583511352539, 333, 300, 16.544871671007787, False, False, 10000, 100, 10000, 1000, 95, 10, 30, 50, 50, 0.4, 3, 100, 10, 500, 1000, 1000, 25
2021-06-16 19:57:08.062396, N3, N6, 317.11186242103577, 310, 300, 18.68997626900098, False, False, 10000, 100, 10000, 1000, 95, 10, 30, 50, 50, 0.4, 3, 100, 10, 500, 1000, 1000, 25
2021-06-16 20:02:25.229181, N27, N16, 352.90835332870483, 325, 300, 6.763157894656482, True, False, 10000, 100, 10000, 1000, 95, 10, 30, 50, 50, 0.4, 3, 100, 10, 500, 1000, 1000, 25
2021-06-16 20:08:18.193430, N21, N25, 88.97334408760071, 102, 100, 2.473796837689712, True, True, 10000, 100, 10000, 1000, 95, 10, 30, 50, 50, 0.4, 3, 100, 10, 500, 1000, 1000, 25
2021-06-16 20:09:47.226669, N17, N29, 327.71089482307434, 315, 300, 18.742422655229348, False, False, 10000, 100, 10000, 1000, 95, 10, 30, 50, 50, 0.4, 3, 100, 10, 500, 1000, 1000, 25
2021-06-16 20:15:14.985593, N28, N14, 79.3182008266449, 101, 100, -3.088220423446746, True, True, 10000, 100, 10000, 1000, 95, 10, 30, 50, 50, 0.4, 3, 100, 10, 500, 1000, 1000, 25
2021-06-16 20:16:34.359721, N18, N21, 93.7309820652008, 105, 100, 11.499313394284941, True, True, 10000, 100, 10000, 1000, 95, 10, 30, 50, 50, 0.4, 3, 100, 10, 500, 1000, 1000, 25
2021-06-16 20:18:08.154570, N16, N25, 79.77762269973755, 102, 100, -1.5882204234467459, True, True, 10000, 100, 10000, 1000, 95, 10, 30, 50, 50, 0.4, 3, 100, 10, 500, 1000, 1000, 25
2021-06-16 20:19:27.992113, N17, N15, 361.55273842811584, 313, 300, 17.431776544423663, False, False, 10000, 100, 10000, 1000, 95, 10, 30, 50, 50, 0.4, 3, 100, 10, 500, 1000, 1000, 25
2021-06-16 20:25:29.588797, N16, N3, 89.97198581695557, 103, 100, -1.0262031623102883, True, True, 10000, 100, 10000, 1000, 95, 10, 30, 50, 50, 0.4, 3, 100, 10, 500, 1000, 1000, 25
2021-06-16 20:26:59.585349, N5, N30, 162.75487089157104, 182, 100, 7.397688345925343, True, True, 10000, 100, 10000, 1000, 95, 10, 30, 50, 50, 0.4, 3, 100, 10, 500, 1000, 1000, 25
2021-06-16 20:29:42.412357, N27, N15, 87.7549500465393, 101, 100, -1.5882204234467459, True, True, 10000, 100, 10000, 1000, 95, 10, 30, 50, 50, 0.4, 3, 100, 10, 500, 1000, 1000, 25
2021-06-16 20:31:10.227223, N26, N13, 90.11032295227051, 102, 100, 2.473796837689712, True, True, 10000, 100, 10000, 1000, 95, 10, 30, 50, 50, 0.4, 3, 100, 10, 500, 1000, 1000, 25
2021-06-16 20:32:40.361545, N18, N14, 92.35277605056763, 102, 100, 6.410432172244822, True, True, 10000, 100, 10000, 1000, 95, 10, 30, 50, 50, 0.4, 3, 100, 10, 500, 1000, 1000, 25
2021-06-16 20:34:12.770272, N5, N20, 86.60844206809998, 101, 100, -3.0895678277551775, True, True, 10000, 100, 10000, 1000, 95, 10, 30, 50, 50, 0.4, 3, 100, 10, 500, 1000, 1000, 25
2021-06-16 20:35:39.430677, N28, N4, 83.26136374473572, 100, 100, -3.0895678277551775, True, True, 10000, 100, 10000, 1000, 95, 10, 30, 50, 50, 0.4, 3, 100, 10, 500, 1000, 1000, 25
2021-06-16 20:37:02.744182, N13, N4, 84.87876200675964, 101, 100, -3.0895678277551775, True, True, 10000, 100, 10000, 1000, 95, 10, 30, 50, 50, 0.4, 3, 100, 10, 500, 1000, 1000, 25
2021-06-16 20:38:27.702848, N20, N25, 579.104110956192, 644, 300, 8.815780884832751, False, True, 10000, 100, 10000, 1000, 95, 10, 30, 50, 50, 0.4, 3, 100, 10, 500, 1000, 1000, 25
2021-06-16 20:48:06.870886, N23, N25, 279.0517749786377, 358, 100, 7.249281451437598, True, True, 10000, 100, 10000, 1000, 95, 10, 30, 50, 50, 0.4, 3, 100, 10, 500, 1000, 1000, 25
2021-06-16 20:52:45.970559, N6, N8, 320.3145389556885, 319, 300, 16.544871640350525, False, False, 10000, 100, 10000, 1000, 95, 10, 30, 50, 50, 0.4, 3, 100, 10, 500, 1000, 1000, 25
2021-06-16 20:58:06.341044, N12, N8, 81.76167297363281, 100, 100, -3.0895678277551775, True, True, 10000, 100, 10000, 1000, 95, 10, 30, 50, 50, 0.4, 3, 100, 10, 500, 1000, 1000, 25
2021-06-16 20:59:28.130661, N9, N28, 312.7377779483795, 309, 300, 21.442422517237034, False, False, 10000, 100, 10000, 1000, 95, 10, 30, 50, 50, 0.4, 3, 100, 10, 500, 1000, 1000, 25
